segment_id,segment_idx,EventId,latitude,longitude,latitudeX,longitudeX,suburb,latitude_suburb,longitude_suburb,Rnk
0QR8FDW,seg_011,107769,-33.944788080000002,18.46551848,-33.945,18.466000000000001,Cape Town Ward 57,-33.944992399999997,18.461273202271901,1
1G21L7Q,seg_021,95100,-33.868126969999999,18.529698700000001,-33.868000000000002,18.530000000000001,Milnerton,-33.879444399999997,18.496388899999999,1
1K4ZYII,seg_023,125285,-33.975682310000003,18.581002909999999,-33.975999999999999,18.581,Cape Town Ward 40,-33.972198949999999,18.571633856095801,1
1VFLTND,seg_029,63472,-34.138446950000002,18.93221166,-34.137999999999998,18.931999999999999,Cape Town Ward 84,-34.076558200000001,18.9242942496113,1
2M4LCU0,seg_036,68808,-33.890828620000001,18.55063797,-33.890999999999998,18.550999999999998,Tygerdal,-33.89412085,18.545925882812501,1
2YQQ9WS,seg_042,109242,-33.960564910000002,18.558552110000001,-33.960999999999999,18.559000000000001,Heideveld,-33.9641667,18.548888900000001,1
3GCD5AD,seg_048,82072,-34.048688149999997,18.75756728,-34.048999999999999,18.757999999999999,Cape Town Ward 109,-34.061419000000001,18.762202924078899,1
3MW0MN9,seg_051,92206,-34.129147779999997,18.93468803,-34.128999999999998,18.934999999999999,Cape Town Ward 84,-34.076558200000001,18.9242942496113,1
3VORNT0,seg_054,145985,-33.8443641,18.716616649999999,-33.844000000000001,18.716999999999999,Cape Town Ward 102,-33.858317550000002,18.681315885458901,1
43RCYZH,seg_058,151042,-33.726606230000002,19.125229650000001,-33.726999999999997,19.125,Drakenstein Ward 25,-33.795799199999998,19.1673694532711,1
4K0TGLP,seg_063,124680,-34.008031670000001,18.649777100000001,-34.008000000000003,18.649999999999999,Cape Town Ward 114,-33.999112349999997,18.6574352506926,1
4T821GV,seg_068,150146,-33.787183919999997,18.92890993,-33.786999999999999,18.928999999999998,Stellenbosch Ward 18,-33.816676999999999,18.8722946586002,1
4ZR4GL4,seg_070,98620,-33.890705500000003,18.67650167,-33.890999999999998,18.677,Cape Town Ward 8,-33.895536249999999,18.6952428171492,1
5AC6YRF,seg_073,129807,-33.928053370000001,18.478858720000002,-33.927999999999997,18.478999999999999,Maitland,-33.922499999999999,18.493055600000002,1
5Y5V87D,seg_083,99223,-33.907127369999998,18.672818530000001,-33.906999999999996,18.672999999999998,Cape Town Ward 8,-33.895536249999999,18.6952428171492,1
6K0F6S9,seg_092,140913,-33.79787554,18.87541285,-33.798000000000002,18.875,Stellenbosch Ward 18,-33.816676999999999,18.8722946586002,1
6LJRHZ3,seg_093,113841,-33.887845159999998,18.629083510000001,-33.887999999999998,18.629000000000001,Tyger Valley,-33.877551650000001,18.632268958423801,1
6Q68JYJ,seg_095,64238,-34.061443629999999,18.79848556,-34.061,18.797999999999998,Cape Town Ward 15,-34.067969750000003,18.830013354875199,1
6VRO5T2,seg_097,151718,-33.74965976,18.993476699999999,-33.75,18.992999999999999,Drakenstein Ward 27,-33.738720000000001,19.0053148287654,1
74A6FL0,seg_101,111448,-33.92286197,18.66398852,-33.923000000000002,18.664000000000001,Cape Town Ward 12,-33.9446984,18.649850221401302,1
7T2W8WU,seg_112,142075,-33.819537449999999,18.793208109999998,-33.82,18.792999999999999,Cape Town Ward 101,-33.8416578,18.744480425458899,1
8ITYQ2Z,seg_121,95547,-33.885588040000002,18.53124438,-33.886000000000003,18.530999999999999,Montague,-33.887760299999997,18.541572719698902,1
8PK91S2,seg_126,89709,-34.032676780000003,18.706251009999999,-34.033000000000001,18.706,Cape Town Ward 96,-34.041646049999997,18.708175503084298,1
8VPPU5N,seg_128,98852,-33.919170000000001,18.43544,-33.918999999999997,18.434999999999999,Cape Town Ward 115,-33.916922149999998,18.4472927830552,1
8WHR0ZV,seg_129,144333,-33.830052969999997,18.754664590000001,-33.829999999999998,18.754999999999999,Stellenbosch Ward 18,-33.816676999999999,18.8722946586002,1
927BHUF,seg_132,141788,-33.885161269999998,18.584245589999998,-33.884999999999998,18.584,Northgate,-33.885202900000003,18.5788787848279,1
BC5XKSB,seg_165,112529,-34.038120319999997,18.72073468,-34.037999999999997,18.721,Cape Town Ward 96,-34.041646049999997,18.708175503084298,1
BDDVLQE,seg_166,103397,-34.087011019999998,18.83691206,-34.087000000000003,18.837,Cape Town Ward 15,-34.067969750000003,18.830013354875199,1
BL0PD9J,seg_169,144097,-33.88602084,18.531288740000001,-33.886000000000003,18.530999999999999,Montague,-33.887760299999997,18.541572719698902,1
BUJJNEA,seg_171,124060,-33.824951710000001,18.77368242,-33.825000000000003,18.774000000000001,Cape Town Ward 101,-33.8416578,18.744480425458899,1
C1ERJ22,seg_173,131477,-33.764262250000002,18.973614210000001,-33.764000000000003,18.974,Drakenstein Ward 15,-33.728518350000002,18.927409713066499,1
C3K236I,seg_174,113206,-33.820750050000001,18.788708280000002,-33.820999999999998,18.789000000000001,Cape Town Ward 101,-33.8416578,18.744480425458899,1
C62YWEF,seg_175,123831,-33.788798040000003,18.92104866,-33.789000000000001,18.920999999999999,Stellenbosch Ward 18,-33.816676999999999,18.8722946586002,1
C6JTJJC,seg_178,82591,-33.85411268,18.701587679999999,-33.853999999999999,18.702000000000002,Cape Town Ward 102,-33.858317550000002,18.681315885458901,1
CJJI1XY,seg_181,98293,-33.729078729999998,19.11893332,-33.728999999999999,19.119,Drakenstein Ward 25,-33.795799199999998,19.1673694532711,1
CRAU339,seg_183,143084,-33.775998909999998,18.957356619999999,-33.776000000000003,18.957000000000001,Stellenbosch Ward 18,-33.816676999999999,18.8722946586002,1
CTB99FS,seg_184,109798,-33.860025720000003,18.69248266,-33.859999999999999,18.692,Cape Town Ward 102,-33.858317550000002,18.681315885458901,1
E4L0I98,seg_200,141108,-33.80871595,18.831037469999998,-33.808999999999997,18.831,Cape Town Ward 101,-33.8416578,18.744480425458899,1
E5D3KEB,seg_201,116691,-34.004741150000001,18.641357880000001,-34.005000000000003,18.640999999999998,Cape Town Ward 18,-34.009719349999997,18.639720485473401,1
EZG7A38,seg_213,89969,-33.997903090000001,18.63662871,-33.997999999999998,18.637,Cape Town Ward 19,-33.9604347,18.670545506248899,1
F5UCVMI,seg_219,149544,-34.043852770000001,18.744027840000001,-34.043999999999997,18.744,Cape Town Ward 109,-34.061419000000001,18.762202924078899,1
F8OXXG7,seg_220,148871,-34.036706700000003,18.716430219999999,-34.036999999999999,18.716000000000001,Cape Town Ward 96,-34.041646049999997,18.708175503084298,1
FWO1XRQ,seg_227,122647,-33.889973339999997,18.676553429999998,-33.890000000000001,18.677,Cape Town Ward 8,-33.895536249999999,18.6952428171492,1
G98H7FR,seg_233,127748,-33.921507640000002,18.439534100000003,-33.921999999999997,18.440000000000001,Cape Town Ward 115,-33.916922149999998,18.4472927830552,1
GBN0X51,seg_234,90228,-33.853155080000001,18.703063459999999,-33.853000000000002,18.702999999999999,Cape Town Ward 102,-33.858317550000002,18.681315885458901,1
GNGA5AC,seg_240,71812,-33.89072487,18.54612444,-33.890999999999998,18.545999999999999,Montague,-33.887760299999997,18.541572719698902,1
GPYNUA8,seg_242,108116,-33.909892919999997,18.67119568,-33.909999999999997,18.670999999999999,Cape Town Ward 3,-33.892930700000001,18.659516249907998,1
GU8ECHB,seg_244,139269,-34.114516420000001,18.87153971,-34.115000000000002,18.872,Cape Town Ward 86,-34.124984300000001,18.851034637617101,1
GUA17R4,seg_245,122116,-33.98763847,18.647213440000002,-33.988,18.646999999999998,Cape Town Ward 19,-33.9604347,18.670545506248899,1
GX2UELI,seg_248,145160,-33.832317779999997,18.746555610000001,-33.832000000000001,18.747,Stellenbosch Ward 18,-33.816676999999999,18.8722946586002,1
H983665,seg_254,127286,-33.725932389999997,19.131882990000001,-33.725999999999999,19.132000000000001,Drakenstein Ward 25,-33.795799199999998,19.1673694532711,1
HR19LL7,seg_266,143847,-33.920816309999999,18.436098520000002,-33.920999999999999,18.436,Cape Town Ward 115,-33.916922149999998,18.4472927830552,1
I2POO7A,seg_269,63216,-33.952298499999998,18.465720749999999,-33.951999999999998,18.466000000000001,Rosebank,-33.951944400000002,18.473888899999999,1
ICNJ23X,seg_272,110788,-34.053340470000002,18.764761700000001,-34.052999999999997,18.765000000000001,Cape Town Ward 109,-34.061419000000001,18.762202924078899,1
IK67XHB,seg_275,100280,-33.96390822,18.655351100000004,-33.963999999999999,18.655000000000001,Cape Town Ward 13,-33.964724099999998,18.644135799023601,1
KVOVDD8,seg_311,122936,-33.789481889999998,18.916692340000001,-33.789000000000001,18.917000000000002,Stellenbosch Ward 18,-33.816676999999999,18.8722946586002,1
KVQ5DMG,seg_312,65257,-33.960305329999997,18.461826640000002,-33.960000000000001,18.462,Rondebosch,-33.9680556,18.4877778,1
LO1OZJ0,seg_323,82802,-33.942359039999999,18.458226610000001,-33.942,18.457999999999998,Cape Town Ward 57,-33.944992399999997,18.461273202271901,1
LO3764F,seg_324,141972,-33.968251979999998,18.57417572,-33.968000000000004,18.574000000000002,Cape Town Ward 40,-33.972198949999999,18.571633856095801,1
M2KOUEK,seg_331,140972,-33.742600539999998,19.01931111,-33.743000000000002,19.018999999999998,Drakenstein Ward 28,-33.781879500000002,19.040621503533401,1
M43AKN2,seg_333,146413,-33.996219969999999,18.63784738,-33.996000000000002,18.638000000000002,Cape Town Ward 114,-33.999112349999997,18.6574352506926,1
MJ9YER2,seg_339,122206,-33.885399810000003,18.593834560000001,-33.884999999999998,18.594000000000001,Plattekloof,-33.877499999999998,18.585555599999999,1
MQE3R88,seg_344,66645,-33.745722780000001,18.999286600000001,-33.746000000000002,18.998999999999999,Drakenstein Ward 28,-33.781879500000002,19.040621503533401,1
NCMIGB7,seg_353,73672,-34.016411100000006,18.61574542,-34.015999999999998,18.616,Cape Town Ward 35,-34.007163749999997,18.616568614235401,1
NL4FSPV,seg_357,149219,-33.834896960000002,18.737298509999999,-33.835000000000001,18.736999999999998,Stellenbosch Ward 18,-33.816676999999999,18.8722946586002,1
NQSL7FX,seg_358,146211,-33.948581169999997,18.485866229999999,-33.948999999999998,18.486000000000001,Mowbray,-33.948333300000002,18.474166700000001,1
NRWU3QW,seg_359,127599,-33.880311970000001,18.673379130000001,-33.880000000000003,18.672999999999998,Cape Town Ward 3,-33.892930700000001,18.659516249907998,1
OFAXGKF,seg_366,84264,-33.940826039999997,18.45708935,-33.941000000000003,18.457000000000001,Cape Town Ward 57,-33.944992399999997,18.461273202271901,1
P7RBBFB,seg_375,129146,-33.928890060000001,18.66247126,-33.929000000000002,18.661999999999999,Cape Town Ward 12,-33.9446984,18.649850221401302,1
Q2V2552,seg_390,146143,-33.920619399999993,18.479161210000001,-33.920999999999999,18.478999999999999,Maitland,-33.922499999999999,18.493055600000002,1
Q54XDYI,seg_391,74512,-33.744508879999998,19.05212341,-33.744999999999997,19.052,Drakenstein Ward 28,-33.781879500000002,19.040621503533401,1
Q75ZW1Q,seg_392,87954,-33.801078799999992,18.8590768,-33.801000000000002,18.859000000000002,Stellenbosch Ward 18,-33.816676999999999,18.8722946586002,1
QM4QKAZ,seg_398,144678,-34.004075690000001,18.629973549999999,-34.003999999999998,18.629999999999999,Cape Town Ward 18,-34.009719349999997,18.639720485473401,1
QORS7OP,seg_399,74273,-33.997650159999999,18.623991369999999,-33.997999999999998,18.623999999999999,Cape Town Ward 18,-34.009719349999997,18.639720485473401,1
QTT8QNT,seg_400,141530,-33.825710309999998,18.770246329999999,-33.826000000000001,18.77,Cape Town Ward 101,-33.8416578,18.744480425458899,1
QUHOO8R,seg_401,118051,-33.88982,18.605338740000001,-33.890000000000001,18.605,Avondale,-33.896122099999999,18.599367300584799,1
QVZKPQD,seg_402,111275,-33.952509790000001,18.532411759999999,-33.953000000000003,18.532,Bridgetown,-33.9563889,18.5305556,1
QXDLKB7,seg_403,143939,-34.060249480000003,18.796950110000001,-34.060000000000002,18.797000000000001,Cape Town Ward 15,-34.067969750000003,18.830013354875199,1
RB56HQI,seg_405,114966,-33.817313030000001,18.800285460000001,-33.817,18.800000000000001,Stellenbosch Ward 18,-33.816676999999999,18.8722946586002,1
RO046L9,seg_407,111067,-33.820648169999998,18.78834505,-33.820999999999998,18.788,Cape Town Ward 101,-33.8416578,18.744480425458899,1
RWSJ6AY,seg_408,82445,-33.938311499999998,18.442958959999999,-33.938000000000002,18.443000000000001,Zonnebloem,-33.932546000000002,18.435047999999998,1
RZK0UM0,seg_411,133603,-33.864037639999999,18.686297830000001,-33.863999999999997,18.686,Cape Town Ward 102,-33.858317550000002,18.681315885458901,1
S55R1TY,seg_416,72735,-33.86679255,18.68169455,-33.866999999999997,18.681999999999999,Cape Town Ward 102,-33.858317550000002,18.681315885458901,1
S9PC5LR,seg_418,62916,-33.744591720000003,19.063653909999999,-33.744999999999997,19.064,Drakenstein Ward 28,-33.781879500000002,19.040621503533401,1
SNTDQP9,seg_423,89837,-33.81160319,18.821455480000001,-33.811999999999998,18.821000000000002,Cape Town Ward 101,-33.8416578,18.744480425458899,1
SPPGKO2,seg_424,60909,-33.857174970000003,18.531255009999999,-33.856999999999999,18.530999999999999,Milnerton,-33.879444399999997,18.496388899999999,1
SSS7BK6,seg_427,128650,-34.019135939999998,18.673080169999999,-34.018999999999998,18.672999999999998,Cape Town Ward 89,-34.018863500000002,18.666227852163001,1
SUP29NG,seg_428,116354,-33.956940410000001,18.545447459999998,-33.957000000000001,18.545000000000002,Welcome,-33.9607685,18.545719046102299,1
SY568EU,seg_429,113033,-33.80268615,18.85255677,-33.802999999999997,18.853000000000002,Cape Town Ward 101,-33.8416578,18.744480425458899,1
TC7A716,seg_438,62682,-34.03754902,18.718597150000001,-34.037999999999997,18.719000000000001,Cape Town Ward 96,-34.041646049999997,18.708175503084298,1
TONSERE,seg_442,150628,-34.082296290000002,18.826694140000001,-34.082000000000001,18.827000000000002,Cape Town Ward 15,-34.067969750000003,18.830013354875199,1
TRTR582,seg_443,66622,-33.805095950000002,18.84395014,-33.805,18.844000000000001,Stellenbosch Ward 18,-33.816676999999999,18.8722946586002,1
U3KP57C,seg_444,71582,-33.958317370000003,18.551136360000001,-33.957999999999998,18.550999999999998,Cape Town Ward 44,-33.963511400000002,18.5461421074328,1
UABQ9EK,seg_445,149824,-33.893583280000001,18.517440390000001,-33.893999999999998,18.516999999999999,Acacia Park,-33.891666700000002,18.5275,1
ULMQMUT,seg_451,146695,-33.79739782,18.876931219999999,-33.796999999999997,18.876999999999999,Stellenbosch Ward 18,-33.816676999999999,18.8722946586002,1
V1BNX3D,seg_456,144351,-33.92088528,18.45663703,-33.920999999999999,18.457000000000001,Woodstock,-33.930555599999998,18.447222199999999,1
V4ITGH1,seg_457,106558,-34.108083880000002,18.860860540000001,-34.107999999999997,18.861000000000001,Cape Town Ward 84,-34.076558200000001,18.9242942496113,1
VBUCV9N,seg_461,142596,-34.13481762,18.921324859999999,-34.134999999999998,18.920999999999999,Cape Town Ward 100,-34.193890000000003,18.8790615181079,1
VO6FQAZ,seg_465,67280,-34.000619010000001,18.6308872,-34.000999999999998,18.631,Cape Town Ward 18,-34.009719349999997,18.639720485473401,1
VWOSZKP,seg_472,98935,-34.046803169999997,18.754445539999999,-34.046999999999997,18.754000000000001,Cape Town Ward 109,-34.061419000000001,18.762202924078899,1
W0EUG1C,seg_474,82069,-34.068359209999997,18.810147749999999,-34.067999999999998,18.809999999999999,Cape Town Ward 15,-34.067969750000003,18.830013354875199,1
WELMR24,seg_479,72253,-34.055358130000002,18.768573880000002,-34.055,18.768999999999998,Cape Town Ward 109,-34.061419000000001,18.762202924078899,1
WG6X4Y0,seg_480,138549,-33.890684110000002,18.676492939999999,-33.890999999999998,18.675999999999998,Cape Town Ward 8,-33.895536249999999,18.6952428171492,1
WJXP54Z,seg_483,148314,-33.783325869999999,18.94549726,-33.783000000000001,18.945,Stellenbosch Ward 18,-33.816676999999999,18.8722946586002,1
WPD6G14,seg_488,65883,-33.797050040000002,18.88022329,-33.796999999999997,18.879999999999999,Stellenbosch Ward 18,-33.816676999999999,18.8722946586002,1
WWFC10X,seg_494,104382,-34.031626940000002,18.704232520000001,-34.031999999999996,18.704000000000001,Cape Town Ward 96,-34.041646049999997,18.708175503084298,1
X17ILML,seg_495,72855,-33.92221,18.43459,-33.921999999999997,18.434999999999999,Cape Town Ward 115,-33.916922149999998,18.4472927830552,1
XINDPM1,seg_502,117631,-34.004580670000003,18.641572450000002,-34.005000000000003,18.641999999999999,Cape Town Ward 89,-34.018863500000002,18.666227852163001,1
XO4JYNU,seg_505,73299,-33.920938329999998,18.461873619999999,-33.920999999999999,18.462,Salt River,-33.9279425,18.477689000000002,1
XPEXW89,seg_507,148215,-34.079973289999998,18.824001890000002,-34.079999999999998,18.824000000000002,Cape Town Ward 15,-34.067969750000003,18.830013354875199,1
XTTWKZM,seg_510,126474,-33.926298150000001,18.662995720000001,-33.926000000000002,18.663,Cape Town Ward 12,-33.9446984,18.649850221401302,1
XTZ54JY,seg_511,146131,-33.799325549999999,18.865514109999999,-33.798999999999999,18.866,Stellenbosch Ward 18,-33.816676999999999,18.8722946586002,1
XW393UI,seg_512,95197,-34.065451969999998,18.805718500000001,-34.064999999999998,18.806000000000001,Cape Town Ward 15,-34.067969750000003,18.830013354875199,1
XZZ3D4U,seg_514,146375,-33.814509800000003,18.545851620000001,-33.814999999999998,18.545999999999999,Cape Town Ward 1,-33.847745099999997,18.556856625766802,1
YGRV6SD,seg_522,68218,-34.058247430000002,18.773363740000001,-34.058,18.773,Cape Town Ward 109,-34.061419000000001,18.762202924078899,1
YLQRLAD,seg_523,151163,-33.939965620000002,18.483898,-33.939999999999998,18.484000000000002,Observatory,-33.936944400000002,18.468333300000001,1
YM2J7ZE,seg_524,142766,-34.110853000000013,18.865286520000002,-34.110999999999997,18.864999999999998,Cape Town Ward 85,-34.115692350000003,18.8460531621573,1
YVR8GT6,seg_531,141962,-34.132237889999999,18.913590300000006,-34.131999999999998,18.914000000000001,Cape Town Ward 100,-34.193890000000003,18.8790615181079,1
Z4HC8K2,seg_535,116634,-34.027576359999998,18.69393079,-34.027999999999999,18.693999999999999,Cape Town Ward 96,-34.041646049999997,18.708175503084298,1
Z4VBV3L,seg_536,61584,-33.809842330000002,18.827747909999999,-33.810000000000002,18.827999999999999,Cape Town Ward 101,-33.8416578,18.744480425458899,1
ZAVM3PJ,seg_537,143312,-33.920444140000001,18.435136289999999,-33.920000000000002,18.434999999999999,Cape Town Ward 115,-33.916922149999998,18.4472927830552,1
ZP9STNM,seg_541,139557,-33.967253339999999,18.57233647,-33.966999999999999,18.571999999999999,Cape Town Ward 40,-33.972198949999999,18.571633856095801,1
03RHJ3G,seg_000,99239,-33.943360050000003,18.459465179999999,-33.942999999999998,18.459,Cape Town Ward 57,-33.944992399999997,18.461273202271901,1
0PU7VDI,seg_009,83328,-34.061932110000001,18.799774419999999,-34.061999999999998,18.800000000000001,Cape Town Ward 15,-34.067969750000003,18.830013354875199,1
0W39BFY,seg_015,111839,-33.940351470000003,18.660367340000001,-33.939999999999998,18.66,Cape Town Ward 12,-33.9446984,18.649850221401302,1
1451FOG,seg_016,144711,-33.786001550000002,18.934693119999999,-33.786000000000001,18.934999999999999,Stellenbosch Ward 18,-33.816676999999999,18.8722946586002,1
16WNX7T,seg_017,141733,-34.084721879999996,18.831687850000002,-34.085000000000001,18.832000000000001,Cape Town Ward 15,-34.067969750000003,18.830013354875199,1
1BB1WRK,seg_018,71307,-33.914963929999999,18.492534160000002,-33.914999999999999,18.492999999999999,Cape Town Ward 56,-33.905433649999999,18.520256266510799,1
1BJRIL1,seg_019,110563,-33.831601329999998,18.53923103,-33.832000000000001,18.539000000000001,Richwood,-33.833055600000002,18.5436111,1
1QSGDUE,seg_026,112639,-33.916929250000003,18.481419249999998,-33.917000000000002,18.481000000000002,Brooklyn,-33.908888900000001,18.4791667,1
24P30PE,seg_030,133728,-33.839311690000002,18.72404907,-33.838999999999999,18.724,Cape Town Ward 102,-33.858317550000002,18.681315885458901,1
2B7HTHS,seg_031,125315,-33.968531640000002,18.587451510000001,-33.969000000000001,18.587,Cape Town Ward 31,-33.963775900000002,18.580144712765701,1
2BTEHF3,seg_032,87520,-34.046462669999997,18.753303070000001,-34.045999999999999,18.753,Cape Town Ward 109,-34.061419000000001,18.762202924078899,1
2FN9T8O,seg_033,139843,-34.015514840000002,18.618123740000001,-34.015999999999998,18.617999999999999,Cape Town Ward 116,-34.026119299999998,18.6376921457442,1
2J6C2D5,seg_034,145564,-34.073543409999999,18.81691301,-34.073999999999998,18.817,Cape Town Ward 15,-34.067969750000003,18.830013354875199,1
2MHBCT2,seg_037,149836,-33.741301810000003,19.009279190000001,-33.741,19.009,Drakenstein Ward 33,-33.738123399999999,18.9961142864876,1
2Q8T4YB,seg_040,68175,-33.906822169999998,18.67275952,-33.906999999999996,18.672999999999998,Cape Town Ward 8,-33.895536249999999,18.6952428171492,1
2XKQDM5,seg_041,143019,-33.917287180000002,18.47955262,-33.917000000000002,18.48,Brooklyn,-33.908888900000001,18.4791667,1
3A5K1RU,seg_046,87867,-33.799763710000001,18.864204829999998,-33.799999999999997,18.864000000000001,Cape Town Ward 101,-33.8416578,18.744480425458899,1
3YS1KQ9,seg_056,141860,-34.007137409999999,18.626820200000001,-34.006999999999998,18.626999999999999,Cape Town Ward 18,-34.009719349999997,18.639720485473401,1
4SJWPE0,seg_067,126326,-33.897089280000003,18.514023309999999,-33.896999999999998,18.513999999999999,Acacia Park,-33.891666700000002,18.5275,1
5093ZHY,seg_071,115292,-33.95001165,18.51107777,-33.950000000000003,18.510999999999999,Kewtown,-33.959444400000002,18.517499999999998,1
5DHNI4S,seg_074,142403,-33.943848209999999,18.48057047,-33.944000000000003,18.481000000000002,Mowbray,-33.948333300000002,18.474166700000001,1
5PYA0N2,seg_078,64827,-34.025840350000003,18.688882490000001,-34.026000000000003,18.689,Cape Town Ward 96,-34.041646049999997,18.708175503084298,1
5QOCGMJ,seg_079,69515,-33.787493929999997,18.926379260000001,-33.786999999999999,18.925999999999998,Stellenbosch Ward 18,-33.816676999999999,18.8722946586002,1
5QTO800,seg_080,151139,-33.845476910000002,18.7145188,-33.844999999999999,18.715,Cape Town Ward 102,-33.858317550000002,18.681315885458901,1
6A90XDM,seg_086,132426,-33.936745200000004,18.661102769999999,-33.936999999999998,18.661000000000001,Cape Town Ward 12,-33.9446984,18.649850221401302,1
6E6M9NN,seg_090,83217,-33.74418318,19.028470259999999,-33.744,19.027999999999999,Drakenstein Ward 28,-33.781879500000002,19.040621503533401,1
71YNY81,seg_099,150254,-34.030429910000002,18.700540780000001,-34.030000000000001,18.701000000000001,Cape Town Ward 96,-34.041646049999997,18.708175503084298,1
727J2TV,seg_100,103264,-34.028865410000002,18.697209170000001,-34.029000000000003,18.696999999999999,Cape Town Ward 96,-34.041646049999997,18.708175503084298,1
7EHES8A,seg_107,129340,-33.966174520000003,18.572220139999999,-33.966000000000001,18.571999999999999,Cape Town Ward 40,-33.972198949999999,18.571633856095801,1
7HICT0R,seg_108,110390,-33.886100429999999,18.579764090000001,-33.886000000000003,18.579999999999998,Northgate,-33.885202900000003,18.5788787848279,1
7O594ZJ,seg_109,70624,-34.070830290000004,18.813872530000001,-34.070999999999998,18.814,Cape Town Ward 15,-34.067969750000003,18.830013354875199,1
7YTZ0EM,seg_113,69261,-33.95407135,18.537565619999999,-33.954000000000001,18.538,Cape Town Ward 52,-33.950078949999998,18.5370265834989,1
812PNMZ,seg_114,109800,-33.822095519999998,18.54264847,-33.822000000000003,18.542999999999999,Richwood,-33.833055600000002,18.5436111,1
87QMHBI,seg_115,69691,-33.949249999999999,18.486180000000001,-33.948999999999998,18.486000000000001,Mowbray,-33.948333300000002,18.474166700000001,1
89VZ0E3,seg_117,64876,-34.001003259999997,18.63353249,-34.000999999999998,18.634,Cape Town Ward 19,-33.9604347,18.670545506248899,1
8LOVJZ3,seg_122,122352,-34.0861898,18.83622196,-34.085999999999999,18.835999999999999,Cape Town Ward 15,-34.067969750000003,18.830013354875199,1
8LSZDSC,seg_123,88277,-34.042336059999997,18.731836520000002,-34.042000000000002,18.731999999999999,Cape Town Ward 109,-34.061419000000001,18.762202924078899,1
8Z5P9T1,seg_131,80993,-34.132762409999998,18.930423780000002,-34.133000000000003,18.93,Cape Town Ward 84,-34.076558200000001,18.9242942496113,1
9FQFQ91,seg_141,67191,-33.923953660000002,18.433214629999998,-33.923999999999999,18.433,Cape Town Ward 115,-33.916922149999998,18.4472927830552,1
9HDQLZ0,seg_142,66032,-33.877205379999999,18.658424119999999,-33.877000000000002,18.658000000000001,Cape Town Ward 21,-33.8641437,18.653580169919699,1
9LMPLRW,seg_143,133512,-33.815869390000003,18.8054542,-33.816000000000003,18.805,Stellenbosch Ward 18,-33.816676999999999,18.8722946586002,1
9NXZ103,seg_144,143202,-33.853109660000001,18.702767340000001,-33.853000000000002,18.702999999999999,Cape Town Ward 102,-33.858317550000002,18.681315885458901,1
A31P11M,seg_149,74868,-34.129674559999998,18.90589765,-34.130000000000003,18.905999999999999,Cape Town Ward 100,-34.193890000000003,18.8790615181079,1
AEY24LO,seg_153,67091,-34.099882610000002,18.85054259,-34.100000000000001,18.850999999999999,Cape Town Ward 83,-34.104782950000001,18.836274725544602,1
AQW5HO1,seg_156,127787,-33.904773419999998,18.505289770000001,-33.905000000000001,18.504999999999999,Cape Town Ward 56,-33.905433649999999,18.520256266510799,1
ASFER6E,seg_157,68258,-33.952711209999997,18.53345362,-33.953000000000003,18.533000000000001,Bridgetown,-33.9563889,18.5305556,1
AUFDV1E,seg_158,103277,-33.76827187,18.968063619999999,-33.768000000000001,18.968,Drakenstein Ward 15,-33.728518350000002,18.927409713066499,1
AZ1BUKH,seg_159,65427,-33.817689489999999,18.798937599999999,-33.817999999999998,18.798999999999999,Cape Town Ward 101,-33.8416578,18.744480425458899,1
B6D0HHC,seg_162,124619,-33.8427346,18.718748479999999,-33.843000000000004,18.719000000000001,Cape Town Ward 102,-33.858317550000002,18.681315885458901,1
B8NRA4K,seg_163,147057,-33.792605309999999,18.90146648,-33.792999999999999,18.901,Stellenbosch Ward 18,-33.816676999999999,18.8722946586002,1
BG1AFJU,seg_167,75265,-33.997605909999997,18.62323949,-33.997999999999998,18.623000000000001,Cape Town Ward 18,-34.009719349999997,18.639720485473401,1
BN3EJU4,seg_170,75205,-33.831064310000002,18.751768349999999,-33.831000000000003,18.751999999999999,Cape Town Ward 101,-33.8416578,18.744480425458899,1
CJ0BLSW,seg_180,69107,-33.877923440000004,18.530661930000001,-33.878,18.530999999999999,Milnerton,-33.879444399999997,18.496388899999999,1
D3349RH,seg_187,144462,-33.799212529999998,18.867406200000001,-33.798999999999999,18.867000000000001,Stellenbosch Ward 18,-33.816676999999999,18.8722946586002,1
D7SS5LM,seg_189,132943,-34.03463258,18.711219509999999,-34.034999999999997,18.710999999999999,Cape Town Ward 96,-34.041646049999997,18.708175503084298,1
EK3DHQ6,seg_205,97592,-34.028116100000005,18.6946604,-34.027999999999999,18.695,Cape Town Ward 16,-34.017595049999997,18.704750788649498,1
EKVTVMV,seg_206,114390,-34.043835880000003,18.741689529999999,-34.043999999999997,18.742000000000001,Cape Town Ward 109,-34.061419000000001,18.762202924078899,1
EKZN1VM,seg_207,96347,-34.00206258,18.633443639999999,-34.002000000000002,18.632999999999999,Cape Town Ward 18,-34.009719349999997,18.639720485473401,1
EUXS47I,seg_210,149017,-33.808331729999999,18.54746213,-33.808,18.547000000000001,Du Noon,-33.816380500000001,18.541674199999999,1
F14EJLW,seg_215,89493,-33.831513620000003,18.749434040000001,-33.832000000000001,18.748999999999999,Cape Town Ward 101,-33.8416578,18.744480425458899,1
F53D1DI,seg_218,127174,-33.888140839999998,18.598690139999999,-33.887999999999998,18.599,Cape Town Ward 2,-33.895554400000002,18.599328275262302,1
FKBUC13,seg_222,75326,-33.968162329999998,18.58223688,-33.968000000000004,18.582000000000001,Cape Town Ward 31,-33.963775900000002,18.580144712765701,1
FTX7LB8,seg_224,69612,-33.961110900000001,18.65614128,-33.960999999999999,18.655999999999999,Cape Town Ward 13,-33.964724099999998,18.644135799023601,1
G181X8F,seg_228,75891,-33.828680310000003,18.760518350000002,-33.829000000000001,18.760999999999999,Cape Town Ward 101,-33.8416578,18.744480425458899,1
G5UHNNF,seg_231,70757,-33.773036070000003,18.961101360000001,-33.773000000000003,18.960999999999999,Drakenstein Ward 15,-33.728518350000002,18.927409713066499,1
GDVJYQW,seg_235,81830,-33.999471939999999,18.628637000000001,-33.999000000000002,18.629000000000001,Cape Town Ward 35,-34.007163749999997,18.616568614235401,1
GFX7S4B,seg_236,63260,-33.975914170000003,18.653140740000001,-33.975999999999999,18.652999999999999,Cape Town Ward 13,-33.964724099999998,18.644135799023601,1
GMEHC97,seg_239,135093,-34.053349700000005,18.765264800000001,-34.052999999999997,18.765000000000001,Cape Town Ward 109,-34.061419000000001,18.762202924078899,1
H48JVZQ,seg_250,151938,-34.066205269999998,18.806503670000001,-34.066000000000003,18.806999999999999,Cape Town Ward 15,-34.067969750000003,18.830013354875199,1
H9QJECU,seg_255,140141,-33.98799399,18.599516690000002,-33.988,18.600000000000001,Cape Town Ward 36,-33.992387350000001,18.6010376482906,1
HH4TZKC,seg_259,138396,-33.841644770000002,18.72079682,-33.841999999999999,18.721,Cape Town Ward 102,-33.858317550000002,18.681315885458901,1
HIUQ2RB,seg_260,144616,-33.870755160000002,18.673023919999999,-33.871000000000002,18.672999999999998,Cape Town Ward 102,-33.858317550000002,18.681315885458901,1
HL23AIZ,seg_261,63551,-33.920404429999998,18.435652709999999,-33.920000000000002,18.436,Cape Town Ward 115,-33.916922149999998,18.4472927830552,1
HQ54B8O,seg_265,147637,-33.951447160000001,18.495402680000002,-33.951000000000001,18.495000000000001,Mowbray,-33.948333300000002,18.474166700000001,1
HSJ0WM7,seg_267,147004,-33.989196919999998,18.645306430000002,-33.988999999999997,18.645,Cape Town Ward 114,-33.999112349999997,18.6574352506926,1
IEBUIXM,seg_273,123269,-33.908708150000002,18.501020369999999,-33.908999999999999,18.501000000000001,Cape Town Ward 56,-33.905433649999999,18.520256266510799,1
IMJY7S7,seg_277,86447,-33.951383669999998,18.494374879999999,-33.951000000000001,18.494,Mowbray,-33.948333300000002,18.474166700000001,1
IQEYE3S,seg_278,145477,-33.898163609999997,18.677510089999998,-33.898000000000003,18.678000000000001,Cape Town Ward 8,-33.895536249999999,18.6952428171492,1
J6A19TW,seg_287,150709,-33.786193040000001,18.932735940000001,-33.786000000000001,18.933,Stellenbosch Ward 18,-33.816676999999999,18.8722946586002,1
JCFWX6E,seg_290,84065,-33.872583210000002,18.67207363,-33.872999999999998,18.672000000000001,Durmonte,-33.810728900000001,18.667506285072101,1
JNEJVKK,seg_293,74416,-33.93328314,18.480555890000002,-33.933,18.481000000000002,Maitland Garden Village,-33.933527499999997,18.483917816672399,1
JUJL6W1,seg_297,148097,-33.927068689999999,18.43323152,-33.927,18.433,Zonnebloem,-33.932546000000002,18.435047999999998,1
K2E55RT,seg_302,130802,-33.820566339999999,18.54324158,-33.820999999999998,18.542999999999999,Richwood,-33.833055600000002,18.5436111,1
LAZLJ7E,seg_316,131786,-33.83610959,18.73368172,-33.835999999999999,18.734000000000002,Cape Town Ward 101,-33.8416578,18.744480425458899,1
LC8FONX,seg_317,126635,-33.800302889999998,18.86112147,-33.799999999999997,18.861000000000001,Stellenbosch Ward 18,-33.816676999999999,18.8722946586002,1
LNO3W8J,seg_322,83256,-33.888839259999997,18.616129050000001,-33.889000000000003,18.616,Boston,-33.891388900000003,18.619444399999999,1
LRCHHQJ,seg_325,104629,-33.813054700000002,18.81625631,-33.813000000000002,18.815999999999999,Stellenbosch Ward 18,-33.816676999999999,18.8722946586002,1
LUOD99L,seg_326,94849,-33.810365210000001,18.825879839999999,-33.810000000000002,18.826000000000001,Stellenbosch Ward 18,-33.816676999999999,18.8722946586002,1
LXZFSP3,seg_329,90765,-34.134264399999999,18.92622969,-34.134,18.925999999999998,Cape Town Ward 100,-34.193890000000003,18.8790615181079,1
M223F8G,seg_330,62180,-33.936780900000002,18.452900280000001,-33.936999999999998,18.452999999999999,Cape Town Ward 57,-33.944992399999997,18.461273202271901,1
M4U0X5G,seg_334,138093,-34.062478949999999,18.800232130000001,-34.061999999999998,18.800000000000001,Cape Town Ward 15,-34.067969750000003,18.830013354875199,1
MA3ZWVH,seg_335,117695,-33.933826779999997,18.447955180000001,-33.933999999999997,18.448,Woodstock,-33.930555599999998,18.447222199999999,1
MEOYV3B,seg_337,99925,-34.01446009,18.663027660000001,-34.014000000000003,18.663,Cape Town Ward 89,-34.018863500000002,18.666227852163001,1
MM6HDEQ,seg_340,92677,-33.993850590000001,18.640501350000001,-33.994,18.640999999999998,Cape Town Ward 19,-33.9604347,18.670545506248899,1
MPGNI7M,seg_343,142277,-34.01061,18.654699999999998,-34.011000000000003,18.655000000000001,Cape Town Ward 89,-34.018863500000002,18.666227852163001,1
MRHTO2C,seg_345,151785,-34.058786299999994,18.793964800000001,-34.058999999999997,18.794,Cape Town Ward 109,-34.061419000000001,18.762202924078899,1
MRQ81XJ,seg_346,125613,-34.035480620000001,18.714028200000001,-34.034999999999997,18.713999999999999,Cape Town Ward 96,-34.041646049999997,18.708175503084298,1
N5NO82G,seg_350,124114,-33.884202029999997,18.641575159999999,-33.884,18.641999999999999,Cape Town Ward 21,-33.8641437,18.653580169919699,1
N90YL69,seg_351,102232,-33.889219910000001,18.612988100000006,-33.889000000000003,18.613,Hoheizen,-33.883055599999999,18.620833300000001,1
N9A4I1K,seg_352,61201,-34.151597780000003,18.952477779999999,-34.152000000000001,18.952000000000002,Cape Town Ward 100,-34.193890000000003,18.8790615181079,1
OBXISZN,seg_362,145703,-33.93098174,18.66227628,-33.930999999999997,18.661999999999999,Cape Town Ward 12,-33.9446984,18.649850221401302,1
OD60AK9,seg_365,75147,-33.900326479999997,18.676753089999998,-33.899999999999999,18.677,Cape Town Ward 8,-33.895536249999999,18.6952428171492,1
OWCF2MH,seg_370,133045,-33.956597109999997,18.656476009999999,-33.957000000000001,18.655999999999999,Cape Town Ward 13,-33.964724099999998,18.644135799023601,1
P5N4Z0R,seg_373,94068,-33.748592770000002,18.99531236,-33.749000000000002,18.995000000000001,Drakenstein Ward 28,-33.781879500000002,19.040621503533401,1
P66KAPS,seg_374,94778,-33.795403890000003,18.887773020000001,-33.795000000000002,18.888000000000002,Stellenbosch Ward 18,-33.816676999999999,18.8722946586002,1
PDDTLDP,seg_379,96356,-33.85931763,18.694354740000001,-33.859000000000002,18.693999999999999,Cape Town Ward 102,-33.858317550000002,18.681315885458901,1
PH8DIYU,seg_380,133088,-34.018319249999998,18.60902832,-34.018000000000001,18.609000000000002,Cape Town Ward 76,-34.028807999999998,18.6092977059646,1
Q17B8NG,seg_388,140904,-33.749533229999997,18.994008489999999,-33.75,18.994,Drakenstein Ward 28,-33.781879500000002,19.040621503533401,1
S2QPOTD,seg_414,102391,-33.967663940000001,18.577481680000002,-33.968000000000004,18.577000000000002,Cape Town Ward 31,-33.963775900000002,18.580144712765701,1
SQ0TZ3H,seg_425,131034,-33.839548639999997,18.72403465,-33.840000000000003,18.724,Cape Town Ward 111,-33.847630350000003,18.724222215960602,1
SQ3W7J8,seg_426,100244,-34.05933521,18.78060112,-34.058999999999997,18.780999999999999,Cape Town Ward 109,-34.061419000000001,18.762202924078899,1
SZJISW0,seg_430,88030,-34.017652349999999,18.66989319,-34.018000000000001,18.670000000000002,Cape Town Ward 89,-34.018863500000002,18.666227852163001,1
T1DB85Y,seg_433,89948,-33.856218429999998,18.697969799999999,-33.856000000000002,18.698,Cape Town Ward 102,-33.858317550000002,18.681315885458901,1
T64WM0N,seg_434,60684,-33.796499859999997,18.882240840000001,-33.795999999999999,18.882000000000001,Stellenbosch Ward 18,-33.816676999999999,18.8722946586002,1
TBPN1BF,seg_436,104095,-33.791030259999999,18.90914446,-33.790999999999997,18.908999999999999,Stellenbosch Ward 18,-33.816676999999999,18.8722946586002,1
TD8YB0R,seg_439,148361,-33.954280879999999,18.657527219999999,-33.954000000000001,18.658000000000001,Cape Town Ward 19,-33.9604347,18.670545506248899,1
TKB7K8T,seg_441,99933,-34.099653539999998,18.850475509999999,-34.100000000000001,18.850000000000001,Cape Town Ward 83,-34.104782950000001,18.836274725544602,1
UUZT4OE,seg_452,61608,-34.02666,18.68965,-34.027000000000001,18.690000000000001,Cape Town Ward 93,-34.033132549999998,18.688226566426899,1
V59S0GZ,seg_458,75581,-34.011718639999998,18.657701830000001,-34.012,18.658000000000001,Cape Town Ward 89,-34.018863500000002,18.666227852163001,1
V5A8ZZZ,seg_459,67480,-33.942252140000001,18.659754790000001,-33.942,18.66,Cape Town Ward 12,-33.9446984,18.649850221401302,1
V5PX6ZH,seg_460,86219,-33.858986430000002,18.693714549999999,-33.859000000000002,18.693999999999999,Cape Town Ward 102,-33.858317550000002,18.681315885458901,1
VHGABXK,seg_462,125638,-33.870126659999997,18.67448564,-33.869999999999997,18.673999999999999,Cape Town Ward 102,-33.858317550000002,18.681315885458901,1
VI1GKEJ,seg_463,61084,-33.817883219999999,18.798961089999999,-33.817999999999998,18.798999999999999,Cape Town Ward 101,-33.8416578,18.744480425458899,1
VUYACXV,seg_470,60609,-34.044499029999997,18.748577740000002,-34.043999999999997,18.748999999999999,Cape Town Ward 109,-34.061419000000001,18.762202924078899,1
W8VXVR4,seg_476,90289,-33.743839979999997,19.031458409999999,-33.744,19.030999999999999,Drakenstein Ward 28,-33.781879500000002,19.040621503533401,1
WAC029P,seg_477,117947,-33.795876810000003,18.88546131,-33.795999999999999,18.885000000000002,Stellenbosch Ward 18,-33.816676999999999,18.8722946586002,1
WHW1BZK,seg_481,108550,-33.980693770000002,18.651665879999999,-33.981000000000002,18.652000000000001,Cape Town Ward 19,-33.9604347,18.670545506248899,1
WJBR1L2,seg_482,133997,-33.914077749999997,18.66875881,-33.914000000000001,18.669,Cape Town Ward 9,-33.923431749999999,18.647553901145201,1
WOSAB94,seg_487,149441,-34.117111129999998,18.87583291,-34.116999999999997,18.876000000000001,Cape Town Ward 84,-34.076558200000001,18.9242942496113,1
WUGV4DU,seg_492,87292,-33.886782330000003,18.575762470000001,-33.887,18.576000000000001,Northgate,-33.885202900000003,18.5788787848279,1
WVXBO5X,seg_493,70454,-34.058535829999997,18.78752325,-34.058999999999997,18.788,Cape Town Ward 109,-34.061419000000001,18.762202924078899,1
XBYNXP7,seg_499,88690,-33.824225730000002,18.775549269999999,-33.823999999999998,18.776,Stellenbosch Ward 18,-33.816676999999999,18.8722946586002,1
XFMDDJ7,seg_500,94059,-33.795996559999999,18.885918759999999,-33.795999999999999,18.885999999999999,Stellenbosch Ward 18,-33.816676999999999,18.8722946586002,1
XOCWI97,seg_506,130438,-33.982915779999999,18.589002310000001,-33.982999999999997,18.588999999999999,Cape Town Ward 39,-33.985641899999997,18.583537766680902,1
XS7M5WZ,seg_508,138541,-33.950351490000003,18.525969109999998,-33.950000000000003,18.526,Langa,-33.945555599999999,18.530000000000001,1
XTC73NQ,seg_509,127914,-34.09632233,18.84678005,-34.095999999999997,18.847000000000001,Cape Town Ward 84,-34.076558200000001,18.9242942496113,1
Y4B7JOT,seg_515,103740,-33.743348730000001,19.002922550000001,-33.743000000000002,19.003,Drakenstein Ward 27,-33.738720000000001,19.0053148287654,1
Y5Z7TXB,seg_516,105301,-34.058866879999997,18.786776969999998,-34.058999999999997,18.786999999999999,Cape Town Ward 109,-34.061419000000001,18.762202924078899,1
YEDB2ES,seg_518,98954,-34.008756920000003,18.650779799999999,-34.009,18.651,Cape Town Ward 89,-34.018863500000002,18.666227852163001,1
YMQX3CJ,seg_525,147804,-34.073239049999998,18.816947379999998,-34.073,18.817,Cape Town Ward 15,-34.067969750000003,18.830013354875199,1
YQCBO2Y,seg_527,126231,-33.949896780000003,18.658430750000001,-33.950000000000003,18.658000000000001,Cape Town Ward 19,-33.9604347,18.670545506248899,1
YQRHLO2,seg_528,139403,-33.86893628,18.677765470000001,-33.869,18.678000000000001,Cape Town Ward 102,-33.858317550000002,18.681315885458901,1
Z2OSI9E,seg_534,73857,-33.888337900000003,18.626955720000002,-33.887999999999998,18.626999999999999,Hoheizen,-33.883055599999999,18.620833300000001,1
ZL4WLO2,seg_540,94870,-33.836657379999998,18.731707879999998,-33.837000000000003,18.731999999999999,Cape Town Ward 101,-33.8416578,18.744480425458899,1
ZT6MOAL,seg_543,123660,-33.872424959999996,18.529829299999999,-33.872,18.530000000000001,Milnerton,-33.879444399999997,18.496388899999999,1
044ZYVD,seg_001,127222,-33.889973310000002,18.556909019999999,-33.890000000000001,18.556999999999999,N1 City,-33.892134200000001,18.5597664013195,1
0F3OY57,seg_004,67221,-34.058035650000001,18.77348074,-34.058,18.773,Cape Town Ward 109,-34.061419000000001,18.762202924078899,1
0GZ5KS3,seg_006,71766,-33.904722530000001,18.505628789999999,-33.905000000000001,18.506,Acacia Park,-33.891666700000002,18.5275,1
0OH5J23,seg_008,66943,-33.826123680000002,18.76876979,-33.826000000000001,18.768999999999998,Stellenbosch Ward 18,-33.816676999999999,18.8722946586002,1
0TAWLCK,seg_013,132369,-33.878999870000001,18.67329397,-33.878999999999998,18.672999999999998,Cape Town Ward 3,-33.892930700000001,18.659516249907998,1
0TMS99B,seg_014,71684,-33.95000555,18.51553856,-33.950000000000003,18.515999999999998,Kewtown,-33.959444400000002,18.517499999999998,1
1DDYC6F,seg_020,151112,-33.917198110000001,18.431824410000001,-33.917000000000002,18.431999999999999,Cape Town Ward 115,-33.916922149999998,18.4472927830552,1
1S5XWTK,seg_028,150480,-33.74550387,19.060803010000001,-33.746000000000002,19.061,Drakenstein Ward 28,-33.781879500000002,19.040621503533401,1
2NHF7YC,seg_038,117412,-33.939504839999998,18.448023020000001,-33.939999999999998,18.448,Woodstock,-33.930555599999998,18.447222199999999,1
2ON8NSO,seg_039,144898,-33.91400926,18.425971759999999,-33.914000000000001,18.425999999999998,City Centre,-33.924388999999998,18.420055999999999,1
3WK9HI2,seg_055,135007,-34.131946589999998,18.931064939999999,-34.131999999999998,18.931000000000001,Cape Town Ward 84,-34.076558200000001,18.9242942496113,1
4K39AFD,seg_064,101113,-33.989223369999998,18.645575650000001,-33.988999999999997,18.646000000000001,Cape Town Ward 19,-33.9604347,18.670545506248899,1
4NSOFJG,seg_066,130376,-33.724589819999998,19.149927030000001,-33.725000000000001,19.149999999999999,Drakenstein Ward 25,-33.795799199999998,19.1673694532711,1
50TVADD,seg_072,147058,-34.01264733,18.621451369999999,-34.012999999999998,18.620999999999999,Cape Town Ward 18,-34.009719349999997,18.639720485473401,1
5OV4U4C,seg_077,93712,-33.887021019999999,18.538095569999999,-33.887,18.538,Montague,-33.887760299999997,18.541572719698902,1
64QSPWU,seg_084,103248,-33.771368940000002,18.963765209999998,-33.771000000000001,18.963999999999999,Drakenstein Ward 15,-33.728518350000002,18.927409713066499,1
68KOZH6,seg_085,144538,-33.863737759999999,18.686201090000001,-33.863999999999997,18.686,Cape Town Ward 102,-33.858317550000002,18.681315885458901,1
6BNXT5I,seg_087,151475,-33.924643439999997,18.433147529999999,-33.924999999999997,18.433,Cape Town Ward 115,-33.916922149999998,18.4472927830552,1
6BYSPD6,seg_088,90832,-33.967667339999998,18.65480853,-33.968000000000004,18.655000000000001,Cape Town Ward 19,-33.9604347,18.670545506248899,1
6OTRJQF,seg_094,94628,-33.962753999999997,18.56578975,-33.963000000000001,18.565999999999999,Cape Town Ward 40,-33.972198949999999,18.571633856095801,1
6SV0XZ0,seg_096,74990,-33.874850000000002,18.672599999999999,-33.875,18.672999999999998,Cape Town Ward 8,-33.895536249999999,18.6952428171492,1
74CTTH5,seg_102,102278,-33.916796060000003,18.486696070000001,-33.917000000000002,18.486999999999998,Brooklyn,-33.908888900000001,18.4791667,1
75BPNAM,seg_103,90348,-33.919332359999999,18.471181399999999,-33.918999999999997,18.471,Paarden Eiland,-33.914046499999998,18.471193299999999,1
77YRHPV,seg_104,133417,-33.839729269999999,18.536110180000001,-33.840000000000003,18.536000000000001,Richwood,-33.833055600000002,18.5436111,1
7AKUBY4,seg_106,145659,-33.970865289999999,18.57673424,-33.970999999999997,18.577000000000002,Cape Town Ward 40,-33.972198949999999,18.571633856095801,1
7PRTR79,seg_110,100309,-33.949808959999999,18.50275602,-33.950000000000003,18.503,Kewtown,-33.959444400000002,18.517499999999998,1
8FBHDH2,seg_119,89980,-33.992624290000002,18.611246810000001,-33.993000000000002,18.611000000000001,Cape Town Ward 36,-33.992387350000001,18.6010376482906,1
8FIZY1M,seg_120,115485,-33.889527770000001,18.602436390000001,-33.890000000000001,18.602,Avondale,-33.896122099999999,18.599367300584799,1
8MX4B9C,seg_124,90661,-33.911736449999999,18.49760229,-33.911999999999999,18.498000000000001,Cape Town Ward 56,-33.905433649999999,18.520256266510799,1
8SB405D,seg_127,140504,-33.848985570000004,18.709118270000001,-33.848999999999997,18.709,Cape Town Ward 102,-33.858317550000002,18.681315885458901,1
8YJIRQ2,seg_130,127742,-33.817044950000003,18.801963690000001,-33.817,18.802,Cape Town Ward 101,-33.8416578,18.744480425458899,1
9484GS3,seg_136,145075,-33.935225170000002,18.661186740000002,-33.935000000000002,18.661000000000001,Cape Town Ward 12,-33.9446984,18.649850221401302,1
956JU5F,seg_137,130783,-33.791562059999997,18.906552080000001,-33.792000000000002,18.907,Stellenbosch Ward 18,-33.816676999999999,18.8722946586002,1
96FMXIF,seg_138,92653,-33.971247499999997,18.654087100000002,-33.970999999999997,18.654,Cape Town Ward 13,-33.964724099999998,18.644135799023601,1
9EXF4O5,seg_140,82823,-33.774385189999997,18.959586600000002,-33.774000000000001,18.960000000000001,Drakenstein Ward 15,-33.728518350000002,18.927409713066499,1
9VXCPYN,seg_146,86358,-33.937852249999999,18.438738799999999,-33.938000000000002,18.439,Zonnebloem,-33.932546000000002,18.435047999999998,1
AGD8UQ2,seg_154,71461,-33.798970009999998,18.86760653,-33.798999999999999,18.867999999999999,Stellenbosch Ward 18,-33.816676999999999,18.8722946586002,1
B3XNGYS,seg_161,141494,-33.806292620000001,18.840429740000001,-33.805999999999997,18.84,Stellenbosch Ward 18,-33.816676999999999,18.8722946586002,1
B9V4IAJ,seg_164,74794,-33.882765839999998,18.645459429999999,-33.883000000000003,18.645,Cape Town Ward 3,-33.892930700000001,18.659516249907998,1
C0RCCDP,seg_172,149981,-33.801698850000001,18.856850120000001,-33.802,18.856999999999999,Cape Town Ward 101,-33.8416578,18.744480425458899,1
C6E7KMD,seg_176,150132,-33.73230873,19.115593799999999,-33.731999999999999,19.116,Drakenstein Ward 25,-33.795799199999998,19.1673694532711,1
CK5WH39,seg_182,91325,-33.801484279999997,18.547638899999999,-33.801000000000002,18.547999999999998,Cape Town Ward 105,-33.711369500000004,18.676779190552001,1
CZBWW0Z,seg_185,119158,-33.988842470000002,18.601028710000001,-33.988999999999997,18.600999999999999,Cape Town Ward 36,-33.992387350000001,18.6010376482906,1
D1U6OOF,seg_186,103171,-33.973596450000002,18.65338165,-33.973999999999997,18.652999999999999,Cape Town Ward 13,-33.964724099999998,18.644135799023601,1
D5DGOZ9,seg_188,71318,-34.152895440000002,18.942634859999998,-34.152999999999999,18.943000000000001,Cape Town Ward 84,-34.076558200000001,18.9242942496113,1
DMGFH2Z,seg_192,149498,-33.828329330000003,18.760844209999998,-33.828000000000003,18.760999999999999,Cape Town Ward 105,-33.711369500000004,18.676779190552001,1
DRFEFT4,seg_193,73621,-34.011548259999998,18.62258641,-34.012,18.623000000000001,Cape Town Ward 116,-34.026119299999998,18.6376921457442,1
DRI712Q,seg_194,62391,-34.005594459999998,18.64351903,-34.006,18.643999999999998,Cape Town Ward 89,-34.018863500000002,18.666227852163001,1
DRNRL0M,seg_195,147840,-33.99410245,18.640552849999999,-33.994,18.640999999999998,Cape Town Ward 19,-33.9604347,18.670545506248899,1
DUKT4RG,seg_197,61860,-34.132845420000002,18.937389240000002,-34.133000000000003,18.937000000000001,Cape Town Ward 84,-34.076558200000001,18.9242942496113,1
DZABHQW,seg_199,67705,-34.002960760000001,18.637477499999999,-34.003,18.637,Cape Town Ward 18,-34.009719349999997,18.639720485473401,1
EIIZE13,seg_203,75862,-33.880280280000001,18.651266020000001,-33.880000000000003,18.651,Cape Town Ward 21,-33.8641437,18.653580169919699,1
EPX268G,seg_208,114126,-33.91813192,18.43203815,-33.917999999999999,18.431999999999999,Cape Town Ward 115,-33.916922149999998,18.4472927830552,1
EVANFZB,seg_211,129721,-33.81364344,18.546069509999999,-33.814,18.545999999999999,Cape Town Ward 1,-33.847745099999997,18.556856625766802,1
F055OA5,seg_214,108553,-33.784505979999999,18.940965210000002,-33.784999999999997,18.940999999999999,Stellenbosch Ward 18,-33.816676999999999,18.8722946586002,1
FHYWZ07,seg_221,120344,-33.938020000000002,18.444070719999999,-33.938000000000002,18.443999999999999,Zonnebloem,-33.932546000000002,18.435047999999998,1
FUPJ3Q2,seg_225,84069,-33.926002259999997,18.43333496,-33.926000000000002,18.433,Cape Town Ward 115,-33.916922149999998,18.4472927830552,1
FVZ3HQS,seg_226,68531,-33.964650519999999,18.570458089999999,-33.965000000000003,18.57,Cape Town Ward 40,-33.972198949999999,18.571633856095801,1
G2LL3S8,seg_229,122323,-33.936975429999997,18.660827810000001,-33.936999999999998,18.661000000000001,Cape Town Ward 12,-33.9446984,18.649850221401302,1
G5753GU,seg_230,116066,-33.861364760000001,18.690042869999999,-33.860999999999997,18.690000000000001,Cape Town Ward 102,-33.858317550000002,18.681315885458901,1
G850GMA,seg_232,127863,-33.834381929999999,18.7398743,-33.834000000000003,18.739999999999998,Stellenbosch Ward 18,-33.816676999999999,18.8722946586002,1
GH5QX19,seg_237,62656,-34.071261659999998,18.8147643,-34.070999999999998,18.815000000000001,Cape Town Ward 15,-34.067969750000003,18.830013354875199,1
GLFV0XV,seg_238,131781,-33.762550740000002,18.975614539999999,-33.762999999999998,18.975999999999999,Drakenstein Ward 15,-33.728518350000002,18.927409713066499,1
GO93XEE,seg_241,141556,-33.981244519999997,18.586240249999999,-33.981000000000002,18.585999999999999,Cape Town Ward 39,-33.985641899999997,18.583537766680902,1
GRI93Z2,seg_243,122552,-33.887410000000003,18.634060000000002,-33.887,18.634,Tyger Valley,-33.877551650000001,18.632268958423801,1
GWTSM5V,seg_247,66249,-34.105743629999999,18.857005149999999,-34.106000000000002,18.856999999999999,Cape Town Ward 85,-34.115692350000003,18.8460531621573,1
GZ48XRL,seg_249,73954,-33.742333850000001,19.017653859999999,-33.741999999999997,19.018000000000001,Drakenstein Ward 28,-33.781879500000002,19.040621503533401,1
H9XYX9Q,seg_256,73151,-33.949086100000002,18.49033365,-33.948999999999998,18.489999999999998,Mowbray,-33.948333300000002,18.474166700000001,1
HM3QRDM,seg_262,92518,-34.002935399999998,18.63145892,-34.003,18.631,Cape Town Ward 18,-34.009719349999997,18.639720485473401,1
HNEAFHF,seg_264,60828,-34.12262552,18.885186879999999,-34.122999999999998,18.885000000000002,Cape Town Ward 100,-34.193890000000003,18.8790615181079,1
I25JSGF,seg_268,84721,-34.127403190000003,18.89912949,-34.127000000000002,18.899000000000001,Cape Town Ward 84,-34.076558200000001,18.9242942496113,1
I8VWS8W,seg_271,63195,-34.029852050000002,18.699718470000001,-34.030000000000001,18.699999999999999,Cape Town Ward 96,-34.041646049999997,18.708175503084298,1
IKN5JDM,seg_276,66276,-33.819807490000002,18.791369490000001,-33.82,18.791,Stellenbosch Ward 18,-33.816676999999999,18.8722946586002,1
IQS1GLY,seg_279,69196,-33.842836519999999,18.534925390000001,-33.843000000000004,18.535,Cape Town Ward 1,-33.847745099999997,18.556856625766802,1
J0SM52K,seg_284,134981,-33.966444989999999,18.572773089999998,-33.966000000000001,18.573,Cape Town Ward 31,-33.963775900000002,18.580144712765701,1
J2L78G3,seg_286,147142,-33.813650039999999,18.813400260000002,-33.814,18.812999999999999,Cape Town Ward 101,-33.8416578,18.744480425458899,1
JZGFZ7Z,seg_300,64227,-33.883494700000007,18.674337510000001,-33.883000000000003,18.673999999999999,Cape Town Ward 3,-33.892930700000001,18.659516249907998,1
K27GB0B,seg_301,91889,-33.940473339999997,18.449903290000002,-33.939999999999998,18.449999999999999,Woodstock,-33.930555599999998,18.447222199999999,1
K48Y5T9,seg_304,100535,-34.019211799999994,18.673792410000001,-34.018999999999998,18.673999999999999,Cape Town Ward 89,-34.018863500000002,18.666227852163001,1
KDFE19M,seg_305,89609,-33.74050802,19.066957330000001,-33.741,19.067,Drakenstein Ward 28,-33.781879500000002,19.040621503533401,1
KL3QK6O,seg_307,82063,-34.049227780000002,18.757983159999998,-34.048999999999999,18.757999999999999,Cape Town Ward 109,-34.061419000000001,18.762202924078899,1
KNG6Z86,seg_309,139258,-34.040455379999997,18.726017989999999,-34.039999999999999,18.725999999999999,Cape Town Ward 96,-34.041646049999997,18.708175503084298,1
KTXRGNX,seg_310,102286,-34.091936609999998,18.842131200000001,-34.091999999999999,18.841999999999999,Cape Town Ward 83,-34.104782950000001,18.836274725544602,1
L2X64FB,seg_313,119553,-33.999641930000003,18.629071549999999,-34,18.629000000000001,Cape Town Ward 18,-34.009719349999997,18.639720485473401,1
L4CWZBU,seg_314,131031,-33.825638399999995,18.77122318,-33.826000000000001,18.771000000000001,Cape Town Ward 101,-33.8416578,18.744480425458899,1
LFUJ30W,seg_318,147719,-33.91742035,18.666966630000001,-33.917000000000002,18.667000000000002,Cape Town Ward 9,-33.923431749999999,18.647553901145201,1
LG58LKX,seg_319,145991,-33.834250060000002,18.739608260000001,-33.834000000000003,18.739999999999998,Stellenbosch Ward 18,-33.816676999999999,18.8722946586002,1
LLGN7DY,seg_321,112314,-33.960410320000001,18.557486220000001,-33.960000000000001,18.556999999999999,Heideveld,-33.9641667,18.548888900000001,1
LUOEP7G,seg_327,98498,-33.901437659999999,18.67588563,-33.901000000000003,18.675999999999998,Cape Town Ward 8,-33.895536249999999,18.6952428171492,1
LV4XGT5,seg_328,72785,-33.941355829999999,18.48324036,-33.941000000000003,18.483000000000001,Observatory,-33.936944400000002,18.468333300000001,1
M3INBBC,seg_332,151715,-33.974589309999999,18.580035519999999,-33.975000000000001,18.579999999999998,Cape Town Ward 40,-33.972198949999999,18.571633856095801,1
MC84I0T,seg_336,122453,-34.068616849999998,18.81105054,-34.069000000000003,18.811,Cape Town Ward 15,-34.067969750000003,18.830013354875199,1
MFUUB92,seg_338,147841,-33.803950669999999,18.848796669999999,-33.804000000000002,18.849,Cape Town Ward 101,-33.8416578,18.744480425458899,1
MORJH71,seg_341,149899,-33.954590000000003,18.656330000000001,-33.954999999999998,18.655999999999999,Cape Town Ward 13,-33.964724099999998,18.644135799023601,1
MP664QK,seg_342,61554,-34.044765750000003,18.748708929999999,-34.045000000000002,18.748999999999999,Cape Town Ward 109,-34.061419000000001,18.762202924078899,1
MTPU2BE,seg_347,93644,-33.900210649999998,18.510528480000001,-33.899999999999999,18.510999999999999,Acacia Park,-33.891666700000002,18.5275,1
NFUEAN5,seg_355,145998,-33.758546940000002,18.981900020000001,-33.759,18.981999999999999,Drakenstein Ward 15,-33.728518350000002,18.927409713066499,1
NG4X2MD,seg_356,65777,-33.97225074,18.653653909999999,-33.972000000000001,18.654,Cape Town Ward 19,-33.9604347,18.670545506248899,1
O271SQN,seg_361,121348,-33.92766958,18.662950680000002,-33.927999999999997,18.663,Cape Town Ward 12,-33.9446984,18.649850221401302,1
ON7Z6I0,seg_368,96747,-34.013730449999997,18.662008350000001,-34.014000000000003,18.661999999999999,Cape Town Ward 89,-34.018863500000002,18.666227852163001,1
P9PBFAJ,seg_376,93649,-33.921164760000003,18.458158019999999,-33.920999999999999,18.457999999999998,Paarden Eiland,-33.914046499999998,18.471193299999999,1
PCIQQ7E,seg_377,106546,-34.016217179999998,18.66735869,-34.015999999999998,18.667000000000002,Cape Town Ward 89,-34.018863500000002,18.666227852163001,1
PRRLPFL,seg_382,83887,-33.933472479999999,18.447319969999999,-33.933,18.446999999999999,Woodstock,-33.930555599999998,18.447222199999999,1
PRUSMVO,seg_383,147390,-33.809927350000002,18.82671994,-33.810000000000002,18.827000000000002,Cape Town Ward 101,-33.8416578,18.744480425458899,1
PXI00H9,seg_385,130861,-33.925515509999997,18.433135400000001,-33.926000000000002,18.433,Cape Town Ward 115,-33.916922149999998,18.4472927830552,1
Q03FQ74,seg_386,81759,-34.08799191,18.838125349999999,-34.088000000000001,18.838000000000001,Cape Town Ward 15,-34.067969750000003,18.830013354875199,1
Q0VL8BD,seg_387,86454,-33.915088820000001,18.667284680000002,-33.914999999999999,18.667000000000002,Cape Town Ward 9,-33.923431749999999,18.647553901145201,1
Q2HCM1O,seg_389,124155,-33.754812970000003,18.986697809999999,-33.755000000000003,18.986999999999998,Drakenstein Ward 28,-33.781879500000002,19.040621503533401,1
QBSA1OR,seg_395,141401,-33.727758909999999,19.120385559999999,-33.728000000000002,19.120000000000001,Drakenstein Ward 25,-33.795799199999998,19.1673694532711,1
QDRC5UW,seg_396,61563,-33.893720870000003,18.677574010000001,-33.893999999999998,18.678000000000001,Cape Town Ward 8,-33.895536249999999,18.6952428171492,1
QFRMXC4,seg_397,70403,-33.940331239999999,18.451859939999999,-33.939999999999998,18.452000000000002,Woodstock,-33.930555599999998,18.447222199999999,1
RY0TRQ8,seg_409,147158,-33.89714377,18.677479300000002,-33.896999999999998,18.677,Cape Town Ward 8,-33.895536249999999,18.6952428171492,1
S0B3CGQ,seg_412,105037,-33.889313960000003,18.542862240000002,-33.889000000000003,18.542999999999999,Montague,-33.887760299999997,18.541572719698902,1
S200A1J,seg_413,129447,-33.990592370000002,18.60609882,-33.991,18.606000000000002,Cape Town Ward 36,-33.992387350000001,18.6010376482906,1
S7S8GMD,seg_417,63550,-33.854341939999998,18.700867169999999,-33.853999999999999,18.701000000000001,Cape Town Ward 102,-33.858317550000002,18.681315885458901,1
SJUWTEK,seg_422,70113,-33.914897609999997,18.42477568,-33.914999999999999,18.425000000000001,City Centre,-33.924388999999998,18.420055999999999,1
T7XSLG6,seg_435,89274,-33.790005909999998,18.915144269999999,-33.789999999999999,18.914999999999999,Stellenbosch Ward 18,-33.816676999999999,18.8722946586002,1
TK9DSXW,seg_440,130856,-33.876410839999998,18.660297029999999,-33.875999999999998,18.66,Cape Town Ward 21,-33.8641437,18.653580169919699,1
UB5HE92,seg_447,132500,-33.763590559999997,18.97417523,-33.764000000000003,18.974,Drakenstein Ward 15,-33.728518350000002,18.927409713066499,1
UEP9HM4,seg_449,103945,-34.024513239999997,18.68616097,-34.024999999999999,18.686,Cape Town Ward 96,-34.041646049999997,18.708175503084298,1
UHFPI9X,seg_450,113204,-33.784417600000005,18.942395810000001,-33.783999999999999,18.942,Drakenstein Ward 1,-33.774561550000001,18.872371962385301,1
UY59I9M,seg_454,140779,-33.95739949,18.54756356,-33.957000000000001,18.547999999999998,Bonteheuwel,-33.951611999999997,18.552794065056599,1
VMCY8BI,seg_464,63119,-33.811378699999999,18.821532430000001,-33.811,18.821999999999999,Drakenstein Ward 1,-33.774561550000001,18.872371962385301,1
VODEAWO,seg_466,117284,-33.829651759999997,18.539983070000002,-33.829999999999998,18.539999999999999,Richwood,-33.833055600000002,18.5436111,1
VVJ158O,seg_471,134871,-34.117501619999999,18.876218349999998,-34.118000000000002,18.876000000000001,Cape Town Ward 100,-34.193890000000003,18.8790615181079,1
W70WUF7,seg_475,112057,-33.946556450000003,18.46761871,-33.947000000000003,18.468,Cape Town Ward 57,-33.944992399999997,18.461273202271901,1
WE8VOFH,seg_478,147330,-33.99874587,18.626146729999999,-33.999000000000002,18.626000000000001,Cape Town Ward 18,-34.009719349999997,18.639720485473401,1
WLFBY9T,seg_485,146252,-33.872717200000004,18.668927100000001,-33.872999999999998,18.669,Cape Town Ward 3,-33.892930700000001,18.659516249907998,1
WO118LR,seg_486,112546,-33.848306659999999,18.532730340000001,-33.847999999999999,18.533000000000001,Cape Town Ward 113,-33.832460650000002,18.511626675053702,1
WRJK3P3,seg_489,64475,-34.076848859999998,18.820948699999999,-34.076999999999998,18.821000000000002,Cape Town Ward 15,-34.067969750000003,18.830013354875199,1
WS0J1CU,seg_490,108888,-34.00935905,18.652612940000001,-34.009,18.652999999999999,Cape Town Ward 114,-33.999112349999997,18.6574352506926,1
X9J910I,seg_497,86239,-34.146878190000002,18.92900933,-34.146999999999998,18.928999999999998,Cape Town Ward 100,-34.193890000000003,18.8790615181079,1
XB2TN3V,seg_498,90515,-34.152065729999997,18.948907030000001,-34.152000000000001,18.949000000000002,Cape Town Ward 100,-34.193890000000003,18.8790615181079,1
XHKKOUG,seg_501,147622,-34.15264595,18.938820889999999,-34.152999999999999,18.939,Cape Town Ward 100,-34.193890000000003,18.8790615181079,1
XKFABCI,seg_503,147501,-33.867756120000003,18.680397169999999,-33.868000000000002,18.68,Cape Town Ward 8,-33.895536249999999,18.6952428171492,1
XNUEEZN,seg_504,99906,-33.888980150000002,18.561763600000006,-33.889000000000003,18.562000000000001,Plattekloof Glen,-33.884342400000001,18.560462999999999,1
XYFQJ1Q,seg_513,101039,-33.73168175,19.116727090000001,-33.731999999999999,19.117000000000001,Drakenstein Ward 25,-33.795799199999998,19.1673694532711,1
YF1XDKK,seg_520,127552,-33.917382449999998,18.483926069999999,-33.917000000000002,18.484000000000002,Brooklyn,-33.908888900000001,18.4791667,1
Z13SS1G,seg_532,60906,-33.99041802,18.644044539999999,-33.990000000000002,18.643999999999998,Cape Town Ward 114,-33.999112349999997,18.6574352506926,1
ZCX0S5O,seg_538,141178,-33.873150010000003,18.666722830000001,-33.872999999999998,18.667000000000002,Cape Town Ward 21,-33.8641437,18.653580169919699,1
ZFMKTPH,seg_539,90412,-33.741402239999999,19.01187285,-33.741,19.012,Drakenstein Ward 27,-33.738720000000001,19.0053148287654,1
086LLYS,seg_002,65363,-33.919221319999998,18.433455500000001,-33.918999999999997,18.433,Cape Town Ward 115,-33.916922149999998,18.4472927830552,1
0B0QOEN,seg_003,86271,-33.918288240000003,18.47578618,-33.917999999999999,18.475999999999999,Paarden Eiland,-33.914046499999998,18.471193299999999,1
0FF63NM,seg_005,90283,-33.780002879999998,18.951799220000002,-33.780000000000001,18.952000000000002,Stellenbosch Ward 18,-33.816676999999999,18.8722946586002,1
0ICKV72,seg_007,74203,-34.039599879999997,18.724506259999998,-34.039999999999999,18.725000000000001,Cape Town Ward 96,-34.041646049999997,18.708175503084298,1
0QQIE2L,seg_010,107867,-34.006300430000003,18.628044280000001,-34.006,18.628,Cape Town Ward 18,-34.009719349999997,18.639720485473401,1
0ROEFOK,seg_012,84293,-33.931592360000003,18.439209569999999,-33.932000000000002,18.439,Zonnebloem,-33.932546000000002,18.435047999999998,1
1JRNIP6,seg_022,90768,-34.059572410000001,18.78049467,-34.060000000000002,18.780000000000001,Cape Town Ward 109,-34.061419000000001,18.762202924078899,1
1NG8I9K,seg_024,151675,-34.13092966,18.909670040000002,-34.131,18.91,Cape Town Ward 100,-34.193890000000003,18.8790615181079,1
1Q44FGG,seg_025,94632,-33.945161970000001,18.471152969999999,-33.945,18.471,Observatory,-33.936944400000002,18.468333300000001,1
1RWEBRU,seg_027,149230,-33.931778829999999,18.480139999999999,-33.932000000000002,18.48,Maitland Garden Village,-33.933527499999997,18.483917816672399,1
2M1UBKJ,seg_035,150003,-33.921826109999998,18.6641367,-33.921999999999997,18.664000000000001,Cape Town Ward 12,-33.9446984,18.649850221401302,1
31F34EZ,seg_043,94880,-33.822533679999999,18.781593279999999,-33.823,18.782,Cape Town Ward 101,-33.8416578,18.744480425458899,1
327YML6,seg_044,138842,-33.916069280000002,18.428795239999999,-33.915999999999997,18.428999999999998,Cape Town Ward 115,-33.916922149999998,18.4472927830552,1
396D4HI,seg_045,130647,-33.946541700000004,18.484891090000001,-33.947000000000003,18.484999999999999,Mowbray,-33.948333300000002,18.474166700000001,1
3BMH2Q5,seg_047,98493,-33.919955389999998,18.48043461,-33.920000000000002,18.48,Maitland,-33.922499999999999,18.493055600000002,1
3IQ1GWG,seg_049,71100,-34.059235829999999,18.778393779999998,-34.058999999999997,18.777999999999999,Cape Town Ward 109,-34.061419000000001,18.762202924078899,1
3L7MZUR,seg_050,125505,-34.083451529999998,18.828633060000001,-34.082999999999998,18.829000000000001,Cape Town Ward 15,-34.067969750000003,18.830013354875199,1
3NAG1R5,seg_052,129251,-33.741905129999999,19.006104530000002,-33.741999999999997,19.006,Drakenstein Ward 27,-33.738720000000001,19.0053148287654,1
3QSXJH3,seg_053,109550,-34.059061649999997,18.794041499999999,-34.058999999999997,18.794,Cape Town Ward 109,-34.061419000000001,18.762202924078899,1
3ZQNS8O,seg_057,148384,-33.850518710000003,18.707130600000006,-33.850999999999999,18.707000000000001,Cape Town Ward 111,-33.847630350000003,18.724222215960602,1
47SP0JH,seg_059,132328,-34.12520439,18.892648560000001,-34.125,18.893000000000001,Cape Town Ward 84,-34.076558200000001,18.9242942496113,1
49ZDYOH,seg_060,110371,-33.949758840000001,18.658226259999999,-33.950000000000003,18.658000000000001,Cape Town Ward 19,-33.9604347,18.670545506248899,1
4A66E8Q,seg_061,86206,-33.957578890000001,18.656859220000001,-33.957999999999998,18.657,Cape Town Ward 19,-33.9604347,18.670545506248899,1
4HHV563,seg_062,145745,-33.920231809999997,18.468060479999998,-33.920000000000002,18.468,Paarden Eiland,-33.914046499999998,18.471193299999999,1
4KQ8VO6,seg_065,93398,-33.743986810000003,19.025047499999999,-33.744,19.024999999999999,Drakenstein Ward 28,-33.781879500000002,19.040621503533401,1
4UAL23D,seg_069,130761,-33.780335059999999,18.950999169999999,-33.780000000000001,18.951000000000001,Stellenbosch Ward 18,-33.816676999999999,18.8722946586002,1
5HTE1IC,seg_075,134958,-33.83482944,18.53799441,-33.835000000000001,18.538,Richwood,-33.833055600000002,18.5436111,1
5OR8UGL,seg_076,70100,-34.020575000000001,18.676721329999999,-34.021000000000001,18.677,Cape Town Ward 96,-34.041646049999997,18.708175503084298,1
5VK3U7Q,seg_081,135129,-34.017353309999997,18.61262228,-34.017000000000003,18.613,Cape Town Ward 35,-34.007163749999997,18.616568614235401,1
5XWBAKZ,seg_082,142851,-33.950039060000002,18.516713450000001,-33.950000000000003,18.516999999999999,Kewtown,-33.959444400000002,18.517499999999998,1
6CP0S10,seg_089,85935,-34.149990000000003,18.933096089999999,-34.149999999999999,18.933,Cape Town Ward 100,-34.193890000000003,18.8790615181079,1
6EAJWW6,seg_091,61522,-33.914691040000001,18.668158640000001,-33.914999999999999,18.667999999999999,Cape Town Ward 9,-33.923431749999999,18.647553901145201,1
70OVULT,seg_098,145701,-33.931105289999998,18.438060579999998,-33.930999999999997,18.437999999999999,Zonnebloem,-33.932546000000002,18.435047999999998,1
792705Z,seg_105,148006,-33.966842200000002,18.65475077,-33.966999999999999,18.655000000000001,Cape Town Ward 19,-33.9604347,18.670545506248899,1
7QBQK9L,seg_111,139308,-33.921550000000003,18.439679999999999,-33.921999999999997,18.440000000000001,Cape Town Ward 115,-33.916922149999998,18.4472927830552,1
87Z5O7Q,seg_116,146355,-33.88522699,18.53045067,-33.884999999999998,18.530000000000001,Summer Greens,-33.878611100000001,18.527777799999999,1
8EI7FOX,seg_118,151096,-33.752910059999998,18.98897668,-33.753,18.989000000000001,Drakenstein Ward 27,-33.738720000000001,19.0053148287654,1
8PA0RQ9,seg_125,104205,-33.950227089999998,18.52358014,-33.950000000000003,18.524000000000001,Langa,-33.945555599999999,18.530000000000001,1
92BILMX,seg_133,132315,-33.8827797,18.674340910000002,-33.883000000000003,18.673999999999999,Cape Town Ward 3,-33.892930700000001,18.659516249907998,1
93GA3XB,seg_134,110349,-33.963188129999999,18.56721576,-33.963000000000001,18.567,Cape Town Ward 31,-33.963775900000002,18.580144712765701,1
93O3U6U,seg_135,81999,-33.95928249,18.554307189999999,-33.959000000000003,18.553999999999998,Heideveld,-33.9641667,18.548888900000001,1
9DFWVJX,seg_139,89371,-33.940540000000013,18.456320000000002,-33.941000000000003,18.456,Cape Town Ward 57,-33.944992399999997,18.461273202271901,1
9PORL0H,seg_145,147984,-34.013680989999997,18.620080779999999,-34.014000000000003,18.620000000000001,Cape Town Ward 18,-34.009719349999997,18.639720485473401,1
9WPSDH2,seg_147,81998,-34.044383449999998,18.746754989999999,-34.043999999999997,18.747,Cape Town Ward 109,-34.061419000000001,18.762202924078899,1
A0RUUQL,seg_148,129180,-33.921543409999998,18.44785422,-33.921999999999997,18.448,Woodstock,-33.930555599999998,18.447222199999999,1
A3B2HGD,seg_150,141575,-34.042887899999997,18.733315640000001,-34.042999999999999,18.733000000000001,Cape Town Ward 96,-34.041646049999997,18.708175503084298,1
AAS3KXB,seg_151,116288,-34.022682580000001,18.681511159999999,-34.023000000000003,18.681999999999999,Cape Town Ward 93,-34.033132549999998,18.688226566426899,1
AEDN7D7,seg_152,64251,-34.013162909999998,18.620614440000001,-34.012999999999998,18.620999999999999,Cape Town Ward 18,-34.009719349999997,18.639720485473401,1
AJRKP0C,seg_155,62589,-33.985931729999997,18.59429377,-33.985999999999997,18.594000000000001,Cape Town Ward 36,-33.992387350000001,18.6010376482906,1
B1VWF3B,seg_160,132716,-33.836927619999997,18.73002958,-33.837000000000003,18.73,Stellenbosch Ward 18,-33.816676999999999,18.8722946586002,1
BK0B4IL,seg_168,66918,-33.927930000000003,18.434149999999999,-33.927999999999997,18.434000000000001,Zonnebloem,-33.932546000000002,18.435047999999998,1
C6FASR5,seg_177,149507,-33.750798359999997,18.991900309999998,-33.750999999999998,18.992000000000001,Drakenstein Ward 28,-33.781879500000002,19.040621503533401,1
CCMG98M,seg_179,115086,-33.887120430000003,18.52472401,-33.887,18.524999999999999,Summer Greens,-33.878611100000001,18.527777799999999,1
DCB3LQM,seg_190,65212,-33.943655790000001,18.485636830000001,-33.944000000000003,18.486000000000001,Mowbray,-33.948333300000002,18.474166700000001,1
DD8YXZF,seg_191,150335,-33.830799349999999,18.752715670000001,-33.831000000000003,18.753,Cape Town Ward 101,-33.8416578,18.744480425458899,1
DS4NLQE,seg_196,143586,-34.152054020000001,18.96062126,-34.152000000000001,18.960999999999999,Cape Town Ward 100,-34.193890000000003,18.8790615181079,1
DVQD3DE,seg_198,66610,-34.127142409999998,18.93146673,-34.127000000000002,18.931000000000001,Cape Town Ward 84,-34.076558200000001,18.9242942496113,1
EDXK0HP,seg_202,98511,-34.088349520000001,18.838332430000001,-34.088000000000001,18.838000000000001,Cape Town Ward 15,-34.067969750000003,18.830013354875199,1
EJUD4D6,seg_204,135058,-33.81250988,18.817482420000001,-33.813000000000002,18.817,Cape Town Ward 101,-33.8416578,18.744480425458899,1
ETFFDX5,seg_209,126243,-33.912324519999999,18.497137309999999,-33.911999999999999,18.497,Cape Town Ward 56,-33.905433649999999,18.520256266510799,1
EVFKBUY,seg_212,130310,-33.917630000000003,18.480763169999999,-33.917999999999999,18.481000000000002,Maitland,-33.922499999999999,18.493055600000002,1
F1LYCFO,seg_216,75619,-34.022715050000002,18.680955409999999,-34.023000000000003,18.681000000000001,Cape Town Ward 96,-34.041646049999997,18.708175503084298,1
F47NAGJ,seg_217,133900,-33.784899529999997,18.939043439999999,-33.784999999999997,18.939,Stellenbosch Ward 18,-33.816676999999999,18.8722946586002,1
FSOOCGH,seg_223,114270,-33.94976432,18.507197430000002,-33.950000000000003,18.507000000000001,Kewtown,-33.959444400000002,18.517499999999998,1
GVQD9D6,seg_246,149634,-33.742892779999998,19.003431769999999,-33.743000000000002,19.003,Drakenstein Ward 27,-33.738720000000001,19.0053148287654,1
H7OMXI9,seg_251,139886,-34.05553183,18.768386069999998,-34.055999999999997,18.768000000000001,Cape Town Ward 109,-34.061419000000001,18.762202924078899,1
H8PYLH4,seg_252,133919,-34.148330180000002,18.928619690000001,-34.148000000000003,18.928999999999998,Cape Town Ward 100,-34.193890000000003,18.8790615181079,1
H8R7OJ2,seg_253,83509,-33.968005929999997,18.573957530000001,-33.968000000000004,18.574000000000002,Cape Town Ward 40,-33.972198949999999,18.571633856095801,1
HB933EE,seg_257,92873,-34.00174535,18.63237312,-34.002000000000002,18.632000000000001,Cape Town Ward 18,-34.009719349999997,18.639720485473401,1
HFQZU6J,seg_258,73827,-33.762460769999997,18.976111339999999,-33.762,18.975999999999999,Drakenstein Ward 15,-33.728518350000002,18.927409713066499,1
HN83F3L,seg_263,91422,-33.875843150000001,18.661631459999999,-33.875999999999998,18.661999999999999,Cape Town Ward 3,-33.892930700000001,18.659516249907998,1
I6G60AH,seg_270,63955,-33.745258229999997,18.999571700000001,-33.744999999999997,19,Drakenstein Ward 27,-33.738720000000001,19.0053148287654,1
IH75D0V,seg_274,121775,-33.744334680000001,19.026815620000001,-33.744,19.027000000000001,Drakenstein Ward 28,-33.781879500000002,19.040621503533401,1
IUTMY1U,seg_280,64412,-34.043311889999998,18.738866040000001,-34.042999999999999,18.739000000000001,Cape Town Ward 109,-34.061419000000001,18.762202924078899,1
IV5F6YM,seg_281,101396,-33.886994510000001,18.57347524,-33.887,18.573,Northgate,-33.885202900000003,18.5788787848279,1
IXSLKS7,seg_282,131934,-33.984054290000003,18.65042657,-33.984000000000002,18.649999999999999,Cape Town Ward 20,-33.982370349999997,18.644786476056499,1
IY03OM4,seg_283,90660,-33.926518809999997,18.47749928,-33.927,18.477,Maitland,-33.922499999999999,18.493055600000002,1
J151TEQ,seg_285,94131,-33.741723579999999,19.014952310000002,-33.741999999999997,19.015000000000001,Drakenstein Ward 28,-33.781879500000002,19.040621503533401,1
J7MH0RF,seg_288,66611,-33.795438519999998,18.888642539999999,-33.795000000000002,18.888999999999999,Stellenbosch Ward 18,-33.816676999999999,18.8722946586002,1
J8FAZRB,seg_289,101921,-33.782903619999999,18.947076020000001,-33.783000000000001,18.946999999999999,Stellenbosch Ward 18,-33.816676999999999,18.8722946586002,1
JJGXEJ4,seg_291,131156,-33.867090470000001,18.529689999999999,-33.866999999999997,18.530000000000001,Milnerton,-33.879444399999997,18.496388899999999,1
JKTV1QW,seg_292,66513,-33.92294639,18.477333489999999,-33.923000000000002,18.477,Paarden Eiland,-33.914046499999998,18.471193299999999,1
JRZWRIW,seg_294,68026,-33.859413439999997,18.530585259999999,-33.859000000000002,18.530999999999999,Milnerton,-33.879444399999997,18.496388899999999,1
JT4HGZ2,seg_295,99493,-34.033966749999998,18.710183310000001,-34.033999999999999,18.710000000000001,Cape Town Ward 96,-34.041646049999997,18.708175503084298,1
JTY12HG,seg_296,138770,-33.80663663,18.838450210000001,-33.807000000000002,18.838000000000001,Cape Town Ward 101,-33.8416578,18.744480425458899,1
JW0WKQ9,seg_298,116032,-33.944096889999997,18.475317499999999,-33.944000000000003,18.475000000000001,Observatory,-33.936944400000002,18.468333300000001,1
JY8VL6C,seg_299,149413,-33.945599919999999,18.48806124,-33.945999999999998,18.488,Mowbray,-33.948333300000002,18.474166700000001,1
K3N8ADC,seg_303,145770,-34.129042650000002,18.904027840000001,-34.128999999999998,18.904,Cape Town Ward 100,-34.193890000000003,18.8790615181079,1
KFYGRO8,seg_306,64618,-33.82420484,18.776345880000001,-33.823999999999998,18.776,Stellenbosch Ward 18,-33.816676999999999,18.8722946586002,1
KL4UM68,seg_308,74140,-33.945069050000001,18.659178090000001,-33.945,18.658999999999999,Cape Town Ward 12,-33.9446984,18.649850221401302,1
L6EU3EB,seg_315,139354,-33.845670149999997,18.714607529999999,-33.845999999999997,18.715,Cape Town Ward 111,-33.847630350000003,18.724222215960602,1
LK5JIX6,seg_320,67604,-33.853776189999998,18.531638879999999,-33.853999999999999,18.532,Milnerton,-33.879444399999997,18.496388899999999,1
MX8CVMX,seg_348,125893,-34.006432269999998,18.646259929999999,-34.006,18.646000000000001,Cape Town Ward 114,-33.999112349999997,18.6574352506926,1
N1MTRIJ,seg_349,105666,-34.042041740000002,18.730098659999999,-34.042000000000002,18.73,Cape Town Ward 96,-34.041646049999997,18.708175503084298,1
NFEBWR6,seg_354,72356,-33.956083960000001,18.541399890000001,-33.956000000000003,18.541,Welcome,-33.9607685,18.545719046102299,1
NZUF7M4,seg_360,72576,-34.094588080000001,18.84493681,-34.094999999999999,18.844999999999999,Cape Town Ward 83,-34.104782950000001,18.836274725544602,1
OCFS8ZD,seg_363,72048,-34.042599899999999,18.733033469999999,-34.042999999999999,18.733000000000001,Cape Town Ward 96,-34.041646049999997,18.708175503084298,1
OCR113O,seg_364,67373,-33.890608190000002,18.520661140000001,-33.890999999999998,18.521000000000001,Acacia Park,-33.891666700000002,18.5275,1
OHQYM1R,seg_367,73410,-34.059295669999997,18.77716212,-34.058999999999997,18.777000000000001,Cape Town Ward 109,-34.061419000000001,18.762202924078899,1
OVJNYB2,seg_369,90252,-33.888580359999999,18.6232598,-33.889000000000003,18.623000000000001,Boston,-33.891388900000003,18.619444399999999,1
P0XX6RS,seg_371,109807,-33.977553690000001,18.652806699999999,-33.978000000000002,18.652999999999999,Cape Town Ward 19,-33.9604347,18.670545506248899,1
P36URXV,seg_372,114326,-33.944009999999999,18.476559999999999,-33.944000000000003,18.477,Observatory,-33.936944400000002,18.468333300000001,1
PD4MTSH,seg_378,147868,-33.876350000000002,18.671949999999999,-33.875999999999998,18.672000000000001,Durmonte,-33.810728900000001,18.667506285072101,1
PLZ8PGL,seg_381,103416,-33.885608089999998,18.531467150000001,-33.886000000000003,18.530999999999999,Montague,-33.887760299999997,18.541572719698902,1
PV3AVCT,seg_384,145992,-33.785780529999997,18.93577269,-33.786000000000001,18.936,Stellenbosch Ward 18,-33.816676999999999,18.8722946586002,1
Q7OLWGV,seg_393,93953,-33.822169389999999,18.783623030000001,-33.822000000000003,18.783999999999999,Cape Town Ward 101,-33.8416578,18.744480425458899,1
Q9S9V3Q,seg_394,75352,-33.787997019999999,18.923929080000001,-33.787999999999997,18.923999999999999,Stellenbosch Ward 18,-33.816676999999999,18.8722946586002,1
R6JUSZT,seg_404,83622,-33.994773649999999,18.616713570000002,-33.994999999999997,18.617000000000001,Cape Town Ward 36,-33.992387350000001,18.6010376482906,1
REN8XE5,seg_406,90076,-34.021407879999998,18.677955870000002,-34.021000000000001,18.678000000000001,Cape Town Ward 93,-34.033132549999998,18.688226566426899,1
RYJYAPI,seg_410,63085,-34.142372279999996,18.930270100000001,-34.142000000000003,18.93,Cape Town Ward 84,-34.076558200000001,18.9242942496113,1
S4MOE5G,seg_415,140895,-33.832334809999999,18.74722483,-33.832000000000001,18.747,Stellenbosch Ward 18,-33.816676999999999,18.8722946586002,1
SE831U7,seg_419,105086,-33.984170710000001,18.650619129999999,-33.984000000000002,18.651,Cape Town Ward 19,-33.9604347,18.670545506248899,1
SG89YSS,seg_420,149158,-33.91964222,18.479190419999998,-33.920000000000002,18.478999999999999,Paarden Eiland,-33.914046499999998,18.471193299999999,1
SJ29DQW,seg_421,60663,-34.12228099,18.884438500000002,-34.122,18.884,Cape Town Ward 100,-34.193890000000003,18.8790615181079,1
T14JPJU,seg_431,66624,-33.805167660000002,18.844448830000001,-33.805,18.844000000000001,Stellenbosch Ward 18,-33.816676999999999,18.8722946586002,1
T182CUC,seg_432,112746,-33.945202510000001,18.659380280000001,-33.945,18.658999999999999,Cape Town Ward 12,-33.9446984,18.649850221401302,1
TBYQ54D,seg_437,85808,-33.88841111,18.566131559999999,-33.887999999999998,18.565999999999999,De Duin,-33.884903250000001,18.570405201197399,1
UAXX1ZE,seg_446,114763,-33.80754572,18.835952880000001,-33.808,18.835999999999999,Cape Town Ward 101,-33.8416578,18.744480425458899,1
UCJGSIW,seg_448,132362,-33.838559600000004,18.725402320000001,-33.838999999999999,18.725000000000001,Cape Town Ward 102,-33.858317550000002,18.681315885458901,1
UXERJVK,seg_453,110520,-33.866496060000003,18.68249191,-33.866,18.681999999999999,Cape Town Ward 102,-33.858317550000002,18.681315885458901,1
V19MLWF,seg_455,70251,-33.827488270000003,18.764584679999999,-33.826999999999998,18.765000000000001,Cape Town Ward 105,-33.711369500000004,18.676779190552001,1
VPNLAYY,seg_467,150267,-34.012536539999999,18.65887214,-34.012999999999998,18.658999999999999,Cape Town Ward 89,-34.018863500000002,18.666227852163001,1
VTJ1O97,seg_468,141456,-33.790538640000001,18.912545219999998,-33.790999999999997,18.913,Stellenbosch Ward 18,-33.816676999999999,18.8722946586002,1
VU4GFO5,seg_469,145034,-33.907321979999999,18.672457560000002,-33.906999999999996,18.672000000000001,Cape Town Ward 3,-33.892930700000001,18.659516249907998,1
VXS8NZ1,seg_473,66820,-33.947690000000001,18.466629999999999,-33.948,18.466999999999999,Cape Town Ward 57,-33.944992399999997,18.461273202271901,1
WL17NEO,seg_484,93586,-33.921936010000003,18.449625650000002,-33.921999999999997,18.449999999999999,Woodstock,-33.930555599999998,18.447222199999999,1
WTTU2KQ,seg_491,144924,-33.954830020000003,18.541285340000002,-33.954999999999998,18.541,Welcome,-33.9607685,18.545719046102299,1
X4UA382,seg_496,120313,-33.887259999999998,18.63496,-33.887,18.635000000000002,Cape Town Ward 21,-33.8641437,18.653580169919699,1
YAPO4I4,seg_517,146395,-33.954762440000003,18.541061240000001,-33.954999999999998,18.541,Welcome,-33.9607685,18.545719046102299,1
YEWTYV9,seg_519,108003,-34.104517450000003,18.85564535,-34.104999999999997,18.856000000000002,Cape Town Ward 85,-34.115692350000003,18.8460531621573,1
YGKOTWP,seg_521,67954,-33.792888689999998,18.901097480000001,-33.792999999999999,18.901,Stellenbosch Ward 18,-33.816676999999999,18.8722946586002,1
YNCIDMW,seg_526,150297,-34.082996629999997,18.827799339999999,-34.082999999999998,18.827999999999999,Cape Town Ward 15,-34.067969750000003,18.830013354875199,1
YSM1T15,seg_529,112425,-33.889605590000002,18.532657489999998,-33.890000000000001,18.533000000000001,Montague,-33.887760299999997,18.541572719698902,1
YU41XSB,seg_530,87640,-33.777040739999997,18.955549990000002,-33.777000000000001,18.956,Stellenbosch Ward 18,-33.816676999999999,18.8722946586002,1
Z2I5UQC,seg_533,74468,-33.74206014,19.017571960000001,-33.741999999999997,19.018000000000001,Drakenstein Ward 28,-33.781879500000002,19.040621503533401,1
ZQJNJPJ,seg_542,66621,-33.815303190000002,18.80820246,-33.814999999999998,18.808,Stellenbosch Ward 18,-33.816676999999999,18.8722946586002,1
