date,open
31/12/2016,8.162
01/01/2017,8.018
02/01/2017,8.154
03/01/2017,8.335
04/01/2017,9.639
05/01/2017,11
06/01/2017,10.12
07/01/2017,10.1
08/01/2017,9.733
09/01/2017,10.17
10/01/2017,10.27
11/01/2017,10.5
12/01/2017,9.629
13/01/2017,9.713
14/01/2017,9.651
15/01/2017,9.721
16/01/2017,9.797
17/01/2017,9.556
18/01/2017,10.09
19/01/2017,10.1
20/01/2017,10.37
21/01/2017,10.57
22/01/2017,10.91
23/01/2017,10.69
24/01/2017,10.74
25/01/2017,10.54
26/01/2017,10.46
27/01/2017,10.63
28/01/2017,10.47
29/01/2017,10.55
30/01/2017,10.47
01/02/2017,10.66
02/02/2017,10.71
03/02/2017,10.78
04/02/2017,10.95
05/02/2017,11.32
06/02/2017,11.25
07/02/2017,11.32
08/02/2017,11.45
09/02/2017,11.36
10/02/2017,10.89
11/02/2017,11.3
12/02/2017,11.38
13/02/2017,11.34
14/02/2017,11.39
15/02/2017,13
16/02/2017,12.97
17/02/2017,12.78
18/02/2017,12.66
19/02/2017,12.77
20/02/2017,12.74
21/02/2017,12.23
22/02/2017,12.67
23/02/2017,12.69
24/02/2017,13.13
25/02/2017,13.01
26/02/2017,13.57
27/02/2017,14.59
28/02/2017,15.55
01/03/2017,16.07
02/03/2017,17.55
03/03/2017,19.08
05/03/2017,18.61
06/03/2017,19.22
07/03/2017,19.75
08/03/2017,18.91
09/03/2017,16.54
10/03/2017,17.71
11/03/2017,19.13
12/03/2017,21.45
13/03/2017,23.31
14/03/2017,28.45
15/03/2017,28.58
16/03/2017,35.18
17/03/2017,45.51
18/03/2017,44.48
19/03/2017,34
20/03/2017,43.12
21/03/2017,42.51
22/03/2017,42.67
23/03/2017,41.65
24/03/2017,43.2
25/03/2017,53.12
26/03/2017,50.74
27/03/2017,50.59
28/03/2017,49.04
29/03/2017,50.25
30/03/2017,53.07
31/03/2017,51.91
01/04/2017,49.57
02/04/2017,50.27
03/04/2017,47.92
04/04/2017,43.89
06/04/2017,44.83
07/04/2017,43.03
08/04/2017,42.04
09/04/2017,44.24
10/04/2017,43.72
11/04/2017,43.61
12/04/2017,43.74
13/04/2017,46.2
14/04/2017,50.02
15/04/2017,47.23
16/04/2017,48.88
17/04/2017,48.21
18/04/2017,47.94
19/04/2017,49.88
20/04/2017,47.78
21/04/2017,49.35
22/04/2017,48.35
23/04/2017,48.41
24/04/2017,48.75
25/04/2017,49.94
26/04/2017,50.09
27/04/2017,52.8
28/04/2017,62.93
29/04/2017,72.42
30/04/2017,68.75
01/05/2017,79.83
02/05/2017,75.18
03/05/2017,77.25
04/05/2017,80.37
05/05/2017,93.36
06/05/2017,90.79
08/05/2017,90.67
09/05/2017,86.82
10/05/2017,85.74
11/05/2017,87.83
12/05/2017,88.2
13/05/2017,85.15
14/05/2017,87.96
15/05/2017,88.72
16/05/2017,90.32
17/05/2017,87.8
18/05/2017,86.98
19/05/2017,95.88
20/05/2017,124.1
21/05/2017,123.06
22/05/2017,148
23/05/2017,160.39
24/05/2017,169.5
25/05/2017,193.03
26/05/2017,177.33
27/05/2017,162.83
28/05/2017,156.51
29/05/2017,172.86
30/05/2017,194.17
31/05/2017,228.58
01/06/2017,228.64
02/06/2017,220.7
03/06/2017,222.86
04/06/2017,224.3
05/06/2017,244.96
06/06/2017,247.75
07/06/2017,264.26
09/06/2017,259.41
10/06/2017,279.11
11/06/2017,335.95
12/06/2017,339.68
13/06/2017,394.66
14/06/2017,388.09
15/06/2017,343.84
16/06/2017,344.68
17/06/2017,353.61
18/06/2017,368.1
19/06/2017,351.53
20/06/2017,358.2
21/06/2017,350.53
22/06/2017,325.3
23/06/2017,320.97
24/06/2017,326.85
25/06/2017,304.54
26/06/2017,279.36
27/06/2017,253.68
28/06/2017,286.14
29/06/2017,315.86
30/06/2017,292.9
01/07/2017,280.68
02/07/2017,261
03/07/2017,283.99
04/07/2017,276.41
05/07/2017,269.05
06/07/2017,266
07/07/2017,265.88
08/07/2017,240.94
09/07/2017,245.67
11/07/2017,205.76
12/07/2017,190.55
13/07/2017,224.15
14/07/2017,205.41
15/07/2017,197.14
16/07/2017,169.1
17/07/2017,155.42
18/07/2017,189.97
19/07/2017,227.09
20/07/2017,194.41
21/07/2017,226.33
22/07/2017,216.33
23/07/2017,230.47
24/07/2017,228.32
25/07/2017,225.48
26/07/2017,203.59
27/07/2017,202.88
28/07/2017,202.93
29/07/2017,191.21
30/07/2017,206.14
31/07/2017,196.78
01/08/2017,201.33
02/08/2017,225.9
03/08/2017,218.12
04/08/2017,224.39
05/08/2017,220.6
06/08/2017,253.09
07/08/2017,264.56
08/08/2017,269.94
09/08/2017,296.51
10/08/2017,295.24
12/08/2017,309.32
13/08/2017,308.02
14/08/2017,296.62
15/08/2017,299.16
16/08/2017,286.52
17/08/2017,301.38
18/08/2017,300.3
19/08/2017,292.62
20/08/2017,293.02
21/08/2017,298.2
22/08/2017,321.85
23/08/2017,313.37
24/08/2017,317.4
25/08/2017,325.28
26/08/2017,330.06
27/08/2017,332.86
28/08/2017,347.88
29/08/2017,347.66
30/08/2017,372.35
31/08/2017,383.86
01/09/2017,388.33
02/09/2017,391.42
03/09/2017,351.03
04/09/2017,352.45
05/09/2017,303.7
06/09/2017,317.94
07/09/2017,338.92
08/09/2017,335.37
09/09/2017,306.72
10/09/2017,303.79
11/09/2017,299.21
13/09/2017,294.1
14/09/2017,275.84
15/09/2017,223.14
16/09/2017,259.57
17/09/2017,254.49
18/09/2017,258.4
19/09/2017,297.53
20/09/2017,283
21/09/2017,283.56
22/09/2017,257.77
23/09/2017,262.94
24/09/2017,286.14
25/09/2017,282.6
26/09/2017,294.89
27/09/2017,288.64
28/09/2017,309.97
29/09/2017,302.77
30/09/2017,292.58
01/10/2017,302.77
02/10/2017,303.95
03/10/2017,296.81
04/10/2017,291.81
05/10/2017,291.68
06/10/2017,294.99
07/10/2017,308.33
08/10/2017,311.26
09/10/2017,309.49
10/10/2017,296.95
11/10/2017,298.46
12/10/2017,302.86
13/10/2017,302.89
15/10/2017,338.81
16/10/2017,336.58
17/10/2017,334.23
18/10/2017,316.14
19/10/2017,313.54
20/10/2017,307.41
21/10/2017,303.08
22/10/2017,299.55
23/10/2017,294.03
24/10/2017,285.27
25/10/2017,296.5
26/10/2017,296.35
27/10/2017,295.54
28/10/2017,296.37
29/10/2017,293.33
30/10/2017,304.04
31/10/2017,306.8
01/11/2017,303.63
02/11/2017,289.42
03/11/2017,284.92
04/11/2017,304.51
05/11/2017,299.26
06/11/2017,296.22
07/11/2017,296.82
08/11/2017,291.84
09/11/2017,307.35
10/11/2017,319.67
11/11/2017,296.86
12/11/2017,314.23
13/11/2017,306.02
14/11/2017,314.6
16/11/2017,331.2
17/11/2017,330.32
18/11/2017,331.72
19/11/2017,346.65
20/11/2017,354.67
21/11/2017,367.71
22/11/2017,360.52
23/11/2017,380.83
24/11/2017,406.51
25/11/2017,470.4
26/11/2017,464.55
27/11/2017,470.45
28/11/2017,475.2
29/11/2017,466.24
30/11/2017,427.3
01/12/2017,435.31
02/12/2017,461.58
03/12/2017,457.96
04/12/2017,462.92
05/12/2017,466.93
06/12/2017,453.96
07/12/2017,422.39
08/12/2017,420.76
09/12/2017,451.78
10/12/2017,472.31
11/12/2017,436.54
12/12/2017,513.36
13/12/2017,656.52
14/12/2017,699.09
15/12/2017,693.58
16/12/2017,684.09
18/12/2017,717.73
19/12/2017,786.17
20/12/2017,812.5
21/12/2017,799.17
22/12/2017,789.39
23/12/2017,657.81
24/12/2017,700.44
25/12/2017,676.08
26/12/2017,721.24
27/12/2017,753.44
28/12/2017,739.93
29/12/2017,716.69
30/12/2017,739.6
31/12/2017,690.91
01/01/2018,741.69
02/01/2018,756.17
03/01/2018,861.97
04/01/2018,941
05/01/2018,944.5
06/01/2018,963.88
07/01/2018,1006.41
08/01/2018,1117.75
09/01/2018,1136.11
10/01/2018,1289.24
11/01/2018,1248.96
12/01/2018,1139.32
13/01/2018,1261.06
14/01/2018,1385.02
15/01/2018,1359.38
16/01/2018,1278.7
17/01/2018,1050.26
19/01/2018,1012.97
20/01/2018,1037.36
21/01/2018,1150.5
22/01/2018,1049.09
23/01/2018,999.75
24/01/2018,984.48
25/01/2018,1061.61
26/01/2018,1046.37
27/01/2018,1048.58
28/01/2018,1109.08
29/01/2018,1231.57
30/01/2018,1169.94
31/01/2018,1063.77
01/02/2018,1111.29
02/02/2018,1026.19
03/02/2018,917.47
04/02/2018,970.87
05/02/2018,826.34
06/02/2018,695.05
07/02/2018,785.16
08/02/2018,751.86
09/02/2018,813.55
10/02/2018,877.66
11/02/2018,850.99
12/02/2018,811.17
13/02/2018,865.28
14/02/2018,840.99
15/02/2018,920.11
16/02/2018,927.95
17/02/2018,937.92
18/02/2018,974.78
20/02/2018,939.79
21/02/2018,885.52
22/02/2018,840.19
23/02/2018,804.61
24/02/2018,854.7
25/02/2018,833.49
26/02/2018,840.28
27/02/2018,868.77
28/02/2018,871.1
01/03/2018,853.31
02/03/2018,871.73
03/03/2018,857.06
04/03/2018,855.89
05/03/2018,867.17
06/03/2018,845.21
07/03/2018,815.65
08/03/2018,751.13
09/03/2018,698.83
10/03/2018,726.76
11/03/2018,682.3
12/03/2018,720.37
13/03/2018,697
14/03/2018,689.96
15/03/2018,613.15
16/03/2018,610.66
17/03/2018,600.53
18/03/2018,549.79
19/03/2018,537.38
20/03/2018,555.55
21/03/2018,557.57
22/03/2018,559.91
24/03/2018,543.84
25/03/2018,520.17
26/03/2018,522.97
27/03/2018,486.14
28/03/2018,448.78
29/03/2018,445.93
30/03/2018,383.96
31/03/2018,393.83
01/04/2018,394.07
02/04/2018,378.85
03/04/2018,384.68
04/04/2018,415.93
05/04/2018,378.65
06/04/2018,381.43
07/04/2018,370.35
08/04/2018,384.98
09/04/2018,400.72
10/04/2018,399.02
11/04/2018,415.65
12/04/2018,430.39
13/04/2018,493.95
14/04/2018,494.96
15/04/2018,502.79
16/04/2018,534.16
17/04/2018,511.67
18/04/2018,503.03
19/04/2018,525.78
20/04/2018,567.25
21/04/2018,617.17
22/04/2018,605.17
23/04/2018,621.33
25/04/2018,703.4
26/04/2018,617.62
27/04/2018,661.41
28/04/2018,643.12
29/04/2018,683.02
30/04/2018,689.31
01/05/2018,670.04
02/05/2018,670.81
03/05/2018,686.74
04/05/2018,777.78
05/05/2018,784.19
06/05/2018,816.59
07/05/2018,790.39
08/05/2018,752.39
09/05/2018,747.79
10/05/2018,751.27
11/05/2018,723.63
12/05/2018,677.8
13/05/2018,683.64
14/05/2018,729.34
15/05/2018,727.41
16/05/2018,705.64
17/05/2018,706.71
18/05/2018,668.41
19/05/2018,693.57
20/05/2018,696.05
21/05/2018,716.45
22/05/2018,696.73
23/05/2018,641.12
24/05/2018,577.01
25/05/2018,602.66
27/05/2018,585.76
28/05/2018,569.64
29/05/2018,512.03
30/05/2018,566.7
31/05/2018,557.12
01/06/2018,577.23
02/06/2018,579.01
03/06/2018,590.53
04/06/2018,619.03
05/06/2018,591.31
06/06/2018,608.2
07/06/2018,606.3
08/06/2018,605.56
09/06/2018,600.67
10/06/2018,593.35
11/06/2018,524.73
12/06/2018,531.15
13/06/2018,494.53
14/06/2018,476.3
15/06/2018,519.83
16/06/2018,487.51
17/06/2018,498.14
18/06/2018,496.84
19/06/2018,517.63
20/06/2018,538.45
21/06/2018,536.44
22/06/2018,525.74
23/06/2018,462.16
24/06/2018,474.18
25/06/2018,455.25
26/06/2018,458.81
28/06/2018,441.75
29/06/2018,420.7
30/06/2018,435.26
01/07/2018,453.56
02/07/2018,451.96
03/07/2018,476.58
04/07/2018,461.79
05/07/2018,467.19
06/07/2018,467.55
07/07/2018,469.93
08/07/2018,485.82
09/07/2018,486.19
10/07/2018,471.48
11/07/2018,432.69
12/07/2018,445.94
13/07/2018,431.13
14/07/2018,432.96
15/07/2018,434.39
16/07/2018,450.4
17/07/2018,480.2
18/07/2018,499.83
19/07/2018,479.77
20/07/2018,468.89
21/07/2018,449.13
22/07/2018,461.13
23/07/2018,457.9
24/07/2018,449.73
25/07/2018,478.39
26/07/2018,472
27/07/2018,463.05
28/07/2018,469.94
30/07/2018,466.3
31/07/2018,456.31
01/08/2018,431.97
02/08/2018,420.27
03/08/2018,411.28
04/08/2018,417.76
05/08/2018,407.32
06/08/2018,409.38
07/08/2018,405.7
08/08/2018,377.94
09/08/2018,355.67
10/08/2018,364.33
11/08/2018,332.26
12/08/2018,318.62
13/08/2018,318.21
14/08/2018,284.03
15/08/2018,278.31
16/08/2018,281.24
17/08/2018,286.8
18/08/2018,317.57
19/08/2018,294.73
20/08/2018,300.6
21/08/2018,271.62
22/08/2018,281.13
23/08/2018,270.62
24/08/2018,276.67
25/08/2018,281.98
26/08/2018,278.22
27/08/2018,274.81
28/08/2018,287.91
29/08/2018,296.14
31/08/2018,284.57
01/09/2018,282.06
02/09/2018,295.77
03/09/2018,295.12
04/09/2018,289.42
05/09/2018,285.23
06/09/2018,228.27
07/09/2018,229.8
08/09/2018,215.74
09/09/2018,196.77
10/09/2018,195.78
11/09/2018,197.13
12/09/2018,185.15
13/09/2018,183.03
14/09/2018,211.27
15/09/2018,208.87
16/09/2018,221.62
17/09/2018,220.12
18/09/2018,196.04
19/09/2018,208.39
20/09/2018,209.78
21/09/2018,224.76
22/09/2018,247.83
23/09/2018,240.79
24/09/2018,244.52
25/09/2018,227.92
26/09/2018,219.2
27/09/2018,214.21
28/09/2018,229.09
29/09/2018,221.56
30/09/2018,231.59
02/10/2018,230.96
03/10/2018,225.59
04/10/2018,220.03
05/10/2018,222.21
06/10/2018,228.17
07/10/2018,225.05
08/10/2018,226.03
09/10/2018,229.23
10/10/2018,227.67
11/10/2018,225.26
12/10/2018,190.32
13/10/2018,195.75
14/10/2018,199.3
15/10/2018,194.99
16/10/2018,209.89
17/10/2018,209.6
18/10/2018,207.81
19/10/2018,202.27
20/10/2018,203.01
21/10/2018,204.97
22/10/2018,205
23/10/2018,203.67
24/10/2018,203.31
25/10/2018,202.59
26/10/2018,201.7
27/10/2018,202.43
28/10/2018,203.29
29/10/2018,204.54
30/10/2018,195.94
31/10/2018,196.65
01/11/2018,198.02
03/11/2018,201.11
04/11/2018,199.9
05/11/2018,211.54
06/11/2018,209.54
07/11/2018,219.34
08/11/2018,217.48
09/11/2018,211.69
10/11/2018,209.52
11/11/2018,212.04
12/11/2018,211.66
13/11/2018,210.31
14/11/2018,206.43
15/11/2018,182.72
16/11/2018,180.89
17/11/2018,175.04
18/11/2018,174.44
19/11/2018,177.55
20/11/2018,148.22
21/11/2018,130.74
22/11/2018,136.23
23/11/2018,124.83
24/11/2018,122.92
25/11/2018,112.74
26/11/2018,116.68
27/11/2018,108.51
28/11/2018,110.21
29/11/2018,122.83
30/11/2018,117.76
01/12/2018,112.91
02/12/2018,118.25
03/12/2018,116.24
05/12/2018,109.77
06/12/2018,101.57
07/12/2018,90.43
08/12/2018,93.55
09/12/2018,91.68
10/12/2018,94.49
11/12/2018,90.77
12/12/2018,88.32
13/12/2018,90.38
14/12/2018,86.4
15/12/2018,84.12
16/12/2018,84.3
17/12/2018,85.39
18/12/2018,95.06
19/12/2018,102.44
20/12/2018,100.63
21/12/2018,116.31
22/12/2018,109.4
23/12/2018,117.72
24/12/2018,131.56
25/12/2018,140.87
26/12/2018,130.53
27/12/2018,132.61
28/12/2018,116.72
29/12/2018,139.36
30/12/2018,137.04
31/12/2018,141.04
01/01/2019,133.14
02/01/2019,141.9
03/01/2019,156.1
04/01/2019,149.44
06/01/2019,156.22
07/01/2019,158.29
08/01/2019,152.25
09/01/2019,150.68
10/01/2019,151.17
11/01/2019,127.87
12/01/2019,126.99
13/01/2019,126.05
14/01/2019,116.66
15/01/2019,129.71
16/01/2019,121.38
17/01/2019,123.31
18/01/2019,124.05
19/01/2019,120.79
20/01/2019,124.8
21/01/2019,118.48
22/01/2019,117.12
23/01/2019,118.83
24/01/2019,117.09
25/01/2019,117.28
26/01/2019,115.73
27/01/2019,116.38
28/01/2019,112.59
29/01/2019,106.02
30/01/2019,104.74
31/01/2019,108.52
01/02/2019,106.46
02/02/2019,106.72
03/02/2019,110.56
04/02/2019,107.04
05/02/2019,106.61
07/02/2019,104.26
08/02/2019,103.69
09/02/2019,119.24
10/02/2019,118.84
11/02/2019,125.22
12/02/2019,120.26
13/02/2019,121.87
14/02/2019,121.73
15/02/2019,120.44
16/02/2019,120.71
17/02/2019,122.62
18/02/2019,133.99
19/02/2019,146.29
20/02/2019,144.06
21/02/2019,148.87
22/02/2019,145.55
23/02/2019,148.19
24/02/2019,158.99
25/02/2019,133.21
26/02/2019,138.52
27/02/2019,136.68
28/02/2019,135.45
01/03/2019,135.69
02/03/2019,135.56
03/03/2019,133.23
04/03/2019,130.72
05/03/2019,126.19
06/03/2019,137.26
07/03/2019,137.83
08/03/2019,137.09
09/03/2019,133.72
11/03/2019,135.89
12/03/2019,132.75
13/03/2019,133.69
14/03/2019,132.14
15/03/2019,132.28
16/03/2019,136.66
17/03/2019,141.71
18/03/2019,139.21
19/03/2019,137.66
20/03/2019,138.83
21/03/2019,139.51
22/03/2019,135.34
23/03/2019,136.47
24/03/2019,137.25
25/03/2019,136.2
26/03/2019,133.55
27/03/2019,134
28/03/2019,139.71
29/03/2019,138.17
30/03/2019,143.49
31/03/2019,142.57
01/04/2019,141.81
02/04/2019,141.52
03/04/2019,165.02
04/04/2019,161.19
05/04/2019,157.77
06/04/2019,166.31
07/04/2019,165.98
08/04/2019,175.23
09/04/2019,180.74
10/04/2019,176.27
12/04/2019,165.14
13/04/2019,164.34
14/04/2019,164.11
15/04/2019,168.19
16/04/2019,160.29
17/04/2019,166.65
18/04/2019,166.83
19/04/2019,174.19
20/04/2019,173.91
21/04/2019,173.95
22/04/2019,170.1
23/04/2019,171.77
24/04/2019,170.6
25/04/2019,166.04
26/04/2019,152.97
27/04/2019,155.61
28/04/2019,157.48
29/04/2019,156.75
30/04/2019,155.1
01/05/2019,162.66
02/05/2019,160.45
03/05/2019,162.05
04/05/2019,167.42
05/05/2019,163.87
06/05/2019,163.45
07/05/2019,173.08
08/05/2019,168.36
09/05/2019,171.26
10/05/2019,170.41
11/05/2019,172.44
12/05/2019,192.73
14/05/2019,196.02
15/05/2019,217.3
16/05/2019,248.62
17/05/2019,264.57
18/05/2019,244.75
19/05/2019,234.04
20/05/2019,260.71
21/05/2019,252.43
22/05/2019,254.73
23/05/2019,243.6
24/05/2019,245.51
25/05/2019,249.65
26/05/2019,251.61
27/05/2019,267.98
28/05/2019,271.9
29/05/2019,271.16
30/05/2019,269.38
31/05/2019,254.66
01/06/2019,267.81
02/06/2019,264.63
03/06/2019,269.3
04/06/2019,249.85
05/06/2019,241
06/06/2019,246.2
07/06/2019,249.45
08/06/2019,249.68
09/06/2019,244.52
10/06/2019,231.44
11/06/2019,247.93
12/06/2019,245.28
13/06/2019,262.96
15/06/2019,263.77
16/06/2019,269.06
17/06/2019,268.48
18/06/2019,274.01
19/06/2019,264.55
20/06/2019,268.95
21/06/2019,271.9
22/06/2019,295.94
23/06/2019,309.57
24/06/2019,307.22
25/06/2019,311.1
26/06/2019,316.17
27/06/2019,334.45
28/06/2019,293.91
29/06/2019,309.62
30/06/2019,317.78
01/07/2019,290.55
02/07/2019,294.14
03/07/2019,291.6
04/07/2019,302.18
05/07/2019,282.93
06/07/2019,288.02
07/07/2019,287.97
08/07/2019,306.48
09/07/2019,313.18
10/07/2019,308.14
11/07/2019,288.81
12/07/2019,268.49
13/07/2019,275.47
14/07/2019,268.99
15/07/2019,226.64
17/07/2019,198.65
18/07/2019,211.38
19/07/2019,225.85
20/07/2019,221.3
21/07/2019,228.75
22/07/2019,225.39
23/07/2019,217.15
24/07/2019,211.86
25/07/2019,216.55
26/07/2019,219.09
27/07/2019,219.3
28/07/2019,207.2
29/07/2019,211.13
30/07/2019,210.86
31/07/2019,210.14
01/08/2019,218.63
02/08/2019,217.56
03/08/2019,217.74
04/08/2019,222.14
05/08/2019,222.76
06/08/2019,233.33
07/08/2019,226.02
08/08/2019,226.07
09/08/2019,221.08
10/08/2019,210.37
11/08/2019,206
12/08/2019,216.2
13/08/2019,211.35
14/08/2019,208.74
15/08/2019,186.49
16/08/2019,188.13
18/08/2019,185.61
19/08/2019,194.75
20/08/2019,202.39
21/08/2019,196.78
22/08/2019,187.23
23/08/2019,190.46
24/08/2019,194.47
25/08/2019,191.02
26/08/2019,186.61
27/08/2019,188.43
28/08/2019,187.13
29/08/2019,172.97
30/08/2019,168.97
31/08/2019,168.54
01/09/2019,172.18
02/09/2019,171.34
03/09/2019,178.77
04/09/2019,179.03
05/09/2019,174.97
06/09/2019,173.65
07/09/2019,169.08
08/09/2019,178.15
09/09/2019,181.74
10/09/2019,180.72
11/09/2019,179.95
12/09/2019,178.29
13/09/2019,181.05
14/09/2019,181.52
15/09/2019,188.65
16/09/2019,189.24
17/09/2019,197.63
19/09/2019,210.38
20/09/2019,221.04
21/09/2019,218.18
22/09/2019,215.25
23/09/2019,211.28
24/09/2019,200.97
25/09/2019,166.66
26/09/2019,170.38
27/09/2019,166.1
28/09/2019,174.28
29/09/2019,173.93
30/09/2019,169.69
01/10/2019,181.34
02/10/2019,176.44
03/10/2019,181.09
04/10/2019,175.15
05/10/2019,176.1
06/10/2019,177.1
07/10/2019,170.35
08/10/2019,180.4
09/10/2019,181.04
10/10/2019,193.43
11/10/2019,191.96
12/10/2019,180.88
13/10/2019,180.06
14/10/2019,181.52
15/10/2019,187.1
16/10/2019,180.72
17/10/2019,174.95
18/10/2019,177.41
19/10/2019,173.4
21/10/2019,175.83
22/10/2019,174.33
23/10/2019,171.38
24/10/2019,162.53
25/10/2019,161.02
26/10/2019,181.66
27/10/2019,179.9
28/10/2019,184.23
29/10/2019,182.14
30/10/2019,191.02
31/10/2019,183.31
01/11/2019,182.51
02/11/2019,183.45
03/11/2019,183.26
04/11/2019,182.03
05/11/2019,186.26
06/11/2019,188.99
07/11/2019,191.25
08/11/2019,186.47
09/11/2019,183.6
10/11/2019,185.18
11/11/2019,189.33
12/11/2019,184.74
13/11/2019,187.06
14/11/2019,188.02
15/11/2019,184.73
16/11/2019,179.96
17/11/2019,182.64
18/11/2019,184.1
19/11/2019,178.14
20/11/2019,175.93
22/11/2019,161.12
23/11/2019,150
24/11/2019,152.44
25/11/2019,140.47
26/11/2019,146.33
27/11/2019,147.7
28/11/2019,153.04
29/11/2019,151.23
30/11/2019,155.08
01/12/2019,152.04
02/12/2019,151.23
03/12/2019,149.2
04/12/2019,147.66
05/12/2019,145.67
06/12/2019,148.36
07/12/2019,149.06
08/12/2019,147.52
09/12/2019,150.94
10/12/2019,147.53
11/12/2019,145.76
12/12/2019,143.37
13/12/2019,144.85
14/12/2019,144.87
15/12/2019,142.03
16/12/2019,142.72
17/12/2019,132.91
18/12/2019,122.23
19/12/2019,133.13
20/12/2019,128.22
21/12/2019,128.44
22/12/2019,127.44
24/12/2019,128
25/12/2019,127.86
26/12/2019,124.97
27/12/2019,125.62
28/12/2019,126.36
29/12/2019,128.18
30/12/2019,134.67
31/12/2019,131.45
01/01/2020,129.02
02/01/2020,130.57
03/01/2020,127.05
04/01/2020,134.24
05/01/2020,134.2
06/01/2020,135.5
07/01/2020,144.15
08/01/2020,142.89
09/01/2020,140.47
10/01/2020,137.74
11/01/2020,144.8
12/01/2020,142.52
13/01/2020,146.37
14/01/2020,143.49
15/01/2020,165.66
16/01/2020,166.04
17/01/2020,164.1
18/01/2020,169.98
19/01/2020,173.91
20/01/2020,166.92
21/01/2020,166.64
22/01/2020,169.09
23/01/2020,167.97
25/01/2020,162.4
26/01/2020,160.66
27/01/2020,167.66
28/01/2020,169.7
29/01/2020,175.82
30/01/2020,173.47
31/01/2020,184.42
01/02/2020,179.65
02/02/2020,183.65
03/02/2020,188.37
04/02/2020,189.68
05/02/2020,188.39
06/02/2020,203.86
07/02/2020,212.87
08/02/2020,223.24
09/02/2020,223.21
10/02/2020,228.65
11/02/2020,223.19
12/02/2020,237.74
13/02/2020,265.94
14/02/2020,268.52
15/02/2020,285.64
16/02/2020,264.67
17/02/2020,259.95
18/02/2020,267.5
19/02/2020,283.08
20/02/2020,258.79
21/02/2020,257.71
22/02/2020,265.62
23/02/2020,262.1
24/02/2020,275.58
26/02/2020,246.79
27/02/2020,223.97
28/02/2020,227.59
29/02/2020,227.75
01/03/2020,217.91
02/03/2020,218.27
03/03/2020,232.09
04/03/2020,223.96
05/03/2020,224.87
06/03/2020,228.78
07/03/2020,245.68
08/03/2020,237.64
09/03/2020,199.75
10/03/2020,203.06
11/03/2020,200.6
12/03/2020,194.82
13/03/2020,110.23
14/03/2020,135.18
15/03/2020,122.7
16/03/2020,123.64
17/03/2020,111.34
18/03/2020,116.2
19/03/2020,118.6
20/03/2020,136.81
21/03/2020,133.31
22/03/2020,132.83
23/03/2020,122.51
24/03/2020,136.64
25/03/2020,139
26/03/2020,136.23
27/03/2020,138.81
29/03/2020,131.24
30/03/2020,124.53
31/03/2020,132.29
01/04/2020,133.1
02/04/2020,136.07
03/04/2020,141.46
04/04/2020,141.48
05/04/2020,144.53
06/04/2020,142.82
07/04/2020,171.78
08/04/2020,164.7
09/04/2020,173.21
10/04/2020,169.89
11/04/2020,158.16
12/04/2020,158.55
13/04/2020,158.81
14/04/2020,156.81
15/04/2020,158.64
16/04/2020,152.94
17/04/2020,172.6
18/04/2020,170.79
19/04/2020,187.85
20/04/2020,180.32
21/04/2020,170.65
22/04/2020,171.03
23/04/2020,183.02
24/04/2020,185.73
25/04/2020,187.66
26/04/2020,194.41
27/04/2020,197.62
28/04/2020,196.71
30/04/2020,215.58
01/05/2020,206.44
02/05/2020,212.16
03/05/2020,214.11
04/05/2020,210.12
05/05/2020,206.76
06/05/2020,205.43
07/05/2020,199.08
08/05/2020,212.3
09/05/2020,211.46
10/05/2020,210.19
11/05/2020,187.72
12/05/2020,185.77
13/05/2020,190.1
14/05/2020,199.86
15/05/2020,203.31
16/05/2020,194.71
17/05/2020,200.6
18/05/2020,206.76
19/05/2020,214.68
20/05/2020,214.68
21/05/2020,209.85
22/05/2020,198.58
23/05/2020,207.35
24/05/2020,206.78
25/05/2020,199.91
26/05/2020,204.2
27/05/2020,201.04
28/05/2020,208.3
29/05/2020,220.33
30/05/2020,220.63
01/06/2020,231.54
02/06/2020,248.44
03/06/2020,237.81
04/06/2020,244.56
05/06/2020,243.35
06/06/2020,240.08
07/06/2020,242.08
08/06/2020,244.75
09/06/2020,246.47
10/06/2020,244
11/06/2020,248.01
12/06/2020,230.21
13/06/2020,237.54
14/06/2020,238.21
15/06/2020,231.61
16/06/2020,230.98
17/06/2020,235.31
18/06/2020,233.74
19/06/2020,231.14
20/06/2020,228.83
21/06/2020,228.93
22/06/2020,227.83
23/06/2020,243.26
24/06/2020,243.16
25/06/2020,234.56
26/06/2020,232.33
27/06/2020,229.5
28/06/2020,220.77
29/06/2020,224.82
30/06/2020,227.84
01/07/2020,225.49
03/07/2020,226.59
04/07/2020,225.12
05/07/2020,229.19
06/07/2020,228.03
07/07/2020,241.81
08/07/2020,239.39
09/07/2020,247.02
10/07/2020,242.15
11/07/2020,241.22
12/07/2020,239.24
13/07/2020,242.66
14/07/2020,239.54
15/07/2020,240.47
16/07/2020,238.42
17/07/2020,233.54
18/07/2020,232.77
19/07/2020,235.85
20/07/2020,239.16
21/07/2020,236.16
22/07/2020,245.62
23/07/2020,264.32
24/07/2020,275.65
25/07/2020,279.6
26/07/2020,305.67
27/07/2020,311.28
28/07/2020,322.23
29/07/2020,317.5
30/07/2020,318.14
31/07/2020,335.3
01/08/2020,346.94
02/08/2020,387.41
04/08/2020,386.1
05/08/2020,389.67
06/08/2020,400.98
07/08/2020,395.07
08/08/2020,379.57
09/08/2020,397.56
10/08/2020,390.32
11/08/2020,395.84
12/08/2020,378.94
13/08/2020,387.19
14/08/2020,424.97
15/08/2020,438.48
16/08/2020,432.63
17/08/2020,433.85
18/08/2020,431.28
19/08/2020,422.38
20/08/2020,407.85
21/08/2020,416.04
22/08/2020,387.98
23/08/2020,395.46
24/08/2020,390.72
25/08/2020,408.03
26/08/2020,383.34
27/08/2020,385.98
28/08/2020,382.99
29/08/2020,395.54
30/08/2020,398.95
31/08/2020,429.18
01/09/2020,434.14
02/09/2020,475.81
03/09/2020,439.83
05/09/2020,385.91
06/09/2020,335.24
07/09/2020,352.69
08/09/2020,353.7
09/09/2020,337.45
10/09/2020,351.15
11/09/2020,368.09
12/09/2020,374.03
13/09/2020,388.04
14/09/2020,366.28
15/09/2020,377.26
16/09/2020,364.16
17/09/2020,365.09
18/09/2020,389.54
19/09/2020,384.47
20/09/2020,385.27
21/09/2020,371.06
22/09/2020,340.19
23/09/2020,344.25
24/09/2020,320.19
25/09/2020,349.18
26/09/2020,352.05
27/09/2020,354.23
28/09/2020,357.67
29/09/2020,354.01
30/09/2020,359.82
01/10/2020,359.82
02/10/2020,353.09
03/10/2020,345.96
04/10/2020,346.32
05/10/2020,352.61
07/10/2020,340.85
08/10/2020,341.91
09/10/2020,351.2
10/10/2020,365.41
11/10/2020,370.8
12/10/2020,374.4
13/10/2020,386.91
14/10/2020,381.21
15/10/2020,379.11
16/10/2020,377.82
17/10/2020,365.72
18/10/2020,368.65
19/10/2020,378.44
20/10/2020,379.39
21/10/2020,368.83
22/10/2020,391.46
23/10/2020,414.5
24/10/2020,409.59
25/10/2020,412.55
26/10/2020,406.3
27/10/2020,393.11
28/10/2020,403.74
29/10/2020,388.77
30/10/2020,387.54
31/10/2020,382.83
01/11/2020,386.77
02/11/2020,396.49
03/11/2020,383.66
04/11/2020,388.17
05/11/2020,402.66
06/11/2020,416.89
08/11/2020,435.82
09/11/2020,454.74
10/11/2020,444.45
11/11/2020,450.86
12/11/2020,463.91
13/11/2020,462.78
14/11/2020,476.87
15/11/2020,461.03
16/11/2020,448.45
17/11/2020,461.01
18/11/2020,482.73
19/11/2020,478.81
20/11/2020,471.89
21/11/2020,510.43
22/11/2020,552.26
23/11/2020,560.01
24/11/2020,609.12
25/11/2020,605.05
26/11/2020,569.4
27/11/2020,520.22
28/11/2020,518.83
29/11/2020,537.99
30/11/2020,576
01/12/2020,616.14
02/12/2020,586.23
03/12/2020,598.26
04/12/2020,616.55
05/12/2020,567.79
06/12/2020,596.93
07/12/2020,602.3
08/12/2020,591.53
10/12/2020,573.44
11/12/2020,558.36
12/12/2020,544.14
13/12/2020,568.26
14/12/2020,590.72
15/12/2020,586.35
16/12/2020,589.17
17/12/2020,637.74
18/12/2020,643.16
19/12/2020,654.55
20/12/2020,658.7
21/12/2020,638.17
22/12/2020,607.9
23/12/2020,637.23
24/12/2020,585.25
25/12/2020,612.32
26/12/2020,626.83
27/12/2020,636.07
28/12/2020,683.98
29/12/2020,729.59
30/12/2020,731.55
31/12/2020,752.53
01/01/2021,737.15
02/01/2021,730.6
03/01/2021,774.9
04/01/2021,978.69
05/01/2021,1043.16
06/01/2021,1103.19
07/01/2021,1210.59
08/01/2021,1225.5
09/01/2021,1216.98
11/01/2021,1255.72
12/01/2021,1088.37
13/01/2021,1050.04
14/01/2021,1129.84
15/01/2021,1232.11
16/01/2021,1169.06
17/01/2021,1228.52
18/01/2021,1233.73
19/01/2021,1258.31
20/01/2021,1367.65
21/01/2021,1377.75
22/01/2021,1111.49
23/01/2021,1234.56
24/01/2021,1234.1
25/01/2021,1392.45
26/01/2021,1318.47
27/01/2021,1368.22
28/01/2021,1241.51
29/01/2021,1330.78
30/01/2021,1379.13
31/01/2021,1379.35
01/02/2021,1314.18
02/02/2021,1374.57
03/02/2021,1513.9
04/02/2021,1667.22
05/02/2021,1597.44
06/02/2021,1721.48
07/02/2021,1679.14
08/02/2021,1614.64
09/02/2021,1752.87
10/02/2021,1772.05
12/02/2021,1787.69
13/02/2021,1844.84
14/02/2021,1817.48
15/02/2021,1802.96
16/02/2021,1779.4
17/02/2021,1782.83
18/02/2021,1851.14
19/02/2021,1939.61
20/02/2021,1957.47
21/02/2021,1915.12
22/02/2021,1935.14
23/02/2021,1778.07
24/02/2021,1578.19
25/02/2021,1625.17
26/02/2021,1481.88
27/02/2021,1446.1
28/02/2021,1460.23
01/03/2021,1422.58
02/03/2021,1571.49
03/03/2021,1488.67
04/03/2021,1568.65
05/03/2021,1538.37
06/03/2021,1529.75
07/03/2021,1651.48
08/03/2021,1726.33
09/03/2021,1834.48
10/03/2021,1872.1
11/03/2021,1795.63
12/03/2021,1827.06
13/03/2021,1767.77
14/03/2021,1921.18
16/03/2021,1794.83
17/03/2021,1805.64
18/03/2021,1823.03
19/03/2021,1776.16
20/03/2021,1809.76
21/03/2021,1805.49
22/03/2021,1783.94
23/03/2021,1682.05
24/03/2021,1668.69
25/03/2021,1583.24
26/03/2021,1586.98
27/03/2021,1699.89
28/03/2021,1713.94
29/03/2021,1686.74
30/03/2021,1816.48
31/03/2021,1841.4
01/04/2021,1919.08
02/04/2021,1967.67
03/04/2021,2134.46
04/04/2021,2009.19
05/04/2021,2076.62
06/04/2021,2107.73
07/04/2021,2112.29
08/04/2021,1964.18
09/04/2021,2081.11
10/04/2021,2066.55
11/04/2021,2133.82
12/04/2021,2150.54
13/04/2021,2137.79
14/04/2021,2298.66
15/04/2021,2431.86
17/04/2021,2425.96
18/04/2021,2318.01
19/04/2021,2240.96
20/04/2021,2163.36
21/04/2021,2332.45
22/04/2021,2357.59
23/04/2021,2401.35
24/04/2021,2369.67
25/04/2021,2216.56
26/04/2021,2322.14
27/04/2021,2534.9
28/04/2021,2667.93
29/04/2021,2750.91
30/04/2021,2758.46
01/05/2021,2775.96
02/05/2021,2947.8
03/05/2021,2951.98
04/05/2021,3431.41
05/05/2021,3241.09
06/05/2021,3528.86
07/05/2021,3491.74
08/05/2021,3483.96
09/05/2021,3916.25
10/05/2021,3927.06
11/05/2021,3949.77
12/05/2021,4178.02
13/05/2021,3811.29
14/05/2021,3718.99
15/05/2021,4080.13
16/05/2021,3644.04
17/05/2021,3586.18
19/05/2021,3377.65
20/05/2021,2442.89
21/05/2021,2772.84
22/05/2021,2435.86
23/05/2021,2297.03
24/05/2021,2098.57
25/05/2021,2648.77
26/05/2021,2707.49
27/05/2021,2888.94
28/05/2021,2742.48
29/05/2021,2412.36
30/05/2021,2278.58
31/05/2021,2386.91
01/06/2021,2707.38
02/06/2021,2634.23
03/06/2021,2706.52
04/06/2021,2856.01
05/06/2021,2691.17
06/06/2021,2629.76
07/06/2021,2710.99
08/06/2021,2593.12
09/06/2021,2509.23
10/06/2021,2610.64
11/06/2021,2471.56
12/06/2021,2355.09
13/06/2021,2369.62
14/06/2021,2509.7
15/06/2021,2582.12
16/06/2021,2543.6
17/06/2021,2367.7
18/06/2021,2372.31
20/06/2021,2166.61
21/06/2021,2243.6
22/06/2021,1887.89
23/06/2021,1880.83
24/06/2021,1968.56
25/06/2021,1989.01
26/06/2021,1810.27
27/06/2021,1830.94
28/06/2021,1983.33
29/06/2021,2083.8
30/06/2021,2165.61
01/07/2021,2276.14
02/07/2021,2109.29
03/07/2021,2155.65
04/07/2021,2227.18
05/07/2021,2323.27
06/07/2021,2196.71
07/07/2021,2322.63
08/07/2021,2317.12
09/07/2021,2114.51
10/07/2021,2145.67
11/07/2021,2110.47
12/07/2021,2140.45
13/07/2021,2032.88
14/07/2021,1940.61
15/07/2021,1994.22
16/07/2021,1918.17
17/07/2021,1877.05
18/07/2021,1899.96
19/07/2021,1891.96
20/07/2021,1818.6
22/07/2021,1994.98
23/07/2021,2024.74
24/07/2021,2125.57
25/07/2021,2185.98
26/07/2021,2194.34
27/07/2021,2228.67
28/07/2021,2301.98
29/07/2021,2301.12
30/07/2021,2383.24
31/07/2021,2463.61
01/08/2021,2531.75
02/08/2021,2556.41
03/08/2021,2608.44
04/08/2021,2508.21
05/08/2021,2725.72
06/08/2021,2829.23
07/08/2021,2892.36
08/08/2021,3162.43
09/08/2021,3013.75
10/08/2021,3164.94
11/08/2021,3141.67
12/08/2021,3163.42
13/08/2021,3047.29
14/08/2021,3324.26
15/08/2021,3266.71
16/08/2021,3311.12
17/08/2021,3147.63
18/08/2021,3011.96
19/08/2021,3013.52
20/08/2021,3184.74
21/08/2021,3286.5
23/08/2021,3241.65
24/08/2021,3322.71
25/08/2021,3172.57
26/08/2021,3228.86
27/08/2021,3093.62
28/08/2021,3275.87
29/08/2021,3246.78
30/08/2021,3225.3
31/08/2021,3228.46
01/09/2021,3435.17
02/09/2021,3829.18
03/09/2021,3787.7
04/09/2021,3939.79
05/09/2021,3887.01
06/09/2021,3952.33
07/09/2021,3928.4
08/09/2021,3433.48
09/09/2021,3499.69
10/09/2021,3424.24
11/09/2021,3209.41
12/09/2021,3266.43
13/09/2021,3405.32
14/09/2021,3285.4
15/09/2021,3436.05
16/09/2021,3615.22
17/09/2021,3569.26
18/09/2021,3398.82
19/09/2021,3435.76
20/09/2021,3328.85
21/09/2021,2966.51
22/09/2021,2760.2
24/09/2021,3154.62
25/09/2021,2930.86
26/09/2021,2925.34
27/09/2021,3064.21
28/09/2021,2927.73
29/09/2021,2807.44
30/09/2021,2850.87
01/10/2021,3000.83
02/10/2021,3310.63
03/10/2021,3389.48
04/10/2021,3420.14
05/10/2021,3384.5
06/10/2021,3516.09
07/10/2021,3576.19
08/10/2021,3588.2
09/10/2021,3562.84
10/10/2021,3576.4
11/10/2021,3416.49
12/10/2021,3544.14
13/10/2021,3490.61
14/10/2021,3607.55
15/10/2021,3791.23
16/10/2021,3868.16
17/10/2021,3829.61
18/10/2021,3846.66
19/10/2021,3746.14
20/10/2021,3877.45
21/10/2021,4162.49
22/10/2021,4062.76
23/10/2021,3971.95
24/10/2021,4168.96
26/10/2021,4220.26
27/10/2021,4129.95
28/10/2021,3924.31
29/10/2021,4288.22
30/10/2021,4417.4
31/10/2021,4323.94
01/11/2021,4290.1
02/11/2021,4322.79
03/11/2021,4593.15
04/11/2021,4604.4
05/11/2021,4536.99
06/11/2021,4480.09
07/11/2021,4521.41
08/11/2021,4617.13
09/11/2021,4810.97
10/11/2021,4732.07
11/11/2021,4632.98
12/11/2021,4722.68
13/11/2021,4668.7
14/11/2021,4645.64
15/11/2021,4627.5
16/11/2021,4561.38
17/11/2021,4210.14
18/11/2021,4289.75
19/11/2021,3998.17
20/11/2021,4299.27
21/11/2021,4415.72
22/11/2021,4264.61
23/11/2021,4090.46
24/11/2021,4341.17
25/11/2021,4271.96
27/11/2021,4042.55
28/11/2021,4100.3
29/11/2021,4297.92
30/11/2021,4448.49
01/12/2021,4631.1
02/12/2021,4587.74
03/12/2021,4514.8
04/12/2021,4219.32
05/12/2021,4124.26
06/12/2021,4201.09
07/12/2021,4357.17
08/12/2021,4309.7
09/12/2021,4439.98
10/12/2021,4111.92
11/12/2021,3902.49
12/12/2021,4088.68
13/12/2021,4135.31
14/12/2021,3785.08
15/12/2021,3862.18
16/12/2021,4020.19
17/12/2021,3957.03
18/12/2021,3876.37
19/12/2021,3961.96
20/12/2021,3924.55
21/12/2021,3945.57
22/12/2021,4017.7
23/12/2021,3981.26
24/12/2021,4112.35
25/12/2021,4047.87
26/12/2021,4097.06
27/12/2021,4063.44
29/12/2021,3793.54
30/12/2021,3629.31
31/12/2021,3710.08
01/01/2022,3675.79
02/01/2022,3766.74
03/01/2022,3830.92
04/01/2022,3765.16
05/01/2022,3785.67
06/01/2022,3536.77
07/01/2022,3406.48
08/01/2022,3196.47
09/01/2022,3080.81
10/01/2022,3150.83
11/01/2022,3083.68
12/01/2022,3240.32
13/01/2022,3373.03
14/01/2022,3242.26
15/01/2022,3309.66
16/01/2022,3328.63
17/01/2022,3349.61
18/01/2022,3210.9
19/01/2022,3161.5
20/01/2022,3084.78
21/01/2022,3002.43
22/01/2022,2569.59
23/01/2022,2412.23
24/01/2022,2541.6
25/01/2022,2442.27
26/01/2022,2459.65
27/01/2022,2464.13
28/01/2022,2425.83
30/01/2022,2603.1
31/01/2022,2603.24
01/02/2022,2689.14
02/02/2022,2790.15
03/02/2022,2681.11
04/02/2022,2697.18
05/02/2022,2997.18
06/02/2022,3015.26
07/02/2022,3057.68
08/02/2022,3141.38
09/02/2022,3118.76
10/02/2022,3246.72
11/02/2022,3074.84
12/02/2022,2928.93
13/02/2022,2918.34
14/02/2022,2872.44
15/02/2022,2931.12
16/02/2022,3185.81
17/02/2022,3124.33
18/02/2022,2894.42
19/02/2022,2780.72
20/02/2022,2764.5
21/02/2022,2622.7
22/02/2022,2570.15
23/02/2022,2638.81
24/02/2022,2580.97
25/02/2022,2597.94
26/02/2022,2769
27/02/2022,2780.32
28/02/2022,2617.32
01/03/2022,2919.85
02/03/2022,2976.59
03/03/2022,2949.03
04/03/2022,2833.71
05/03/2022,2622.51
06/03/2022,2666.18
07/03/2022,2552.58
08/03/2022,2496.67
09/03/2022,2579.18
10/03/2022,2733.05
11/03/2022,2608.64
12/03/2022,2557.57
13/03/2022,2569.87
14/03/2022,2516.83
15/03/2022,2591.45
16/03/2022,2619.61
17/03/2022,2775.15
18/03/2022,2814.64
19/03/2022,2941.32
20/03/2022,2952.64
21/03/2022,2861.26
22/03/2022,2895.01
23/03/2022,2970.47
24/03/2022,3037.3
25/03/2022,3112.85
26/03/2022,3104.04
27/03/2022,3146.36
28/03/2022,3296.46
29/03/2022,3334.29
30/03/2022,3402.62
31/03/2022,3385.11
01/04/2022,3282.78
02/04/2022,3455.72
03/04/2022,3444.68
04/04/2022,3522.49
05/04/2022,3520.15
06/04/2022,3406.48
07/04/2022,3168.91
08/04/2022,3229.28
09/04/2022,3192.92
10/04/2022,3259.62
11/04/2022,3202.89
12/04/2022,2979.52
13/04/2022,3028.77
14/04/2022,3118.5
15/04/2022,3021.76
16/04/2022,3041.21
17/04/2022,3060.28
18/04/2022,2988.4
19/04/2022,3056.2
20/04/2022,3102.52
21/04/2022,3077.74
22/04/2022,2984.24
23/04/2022,2963.17
24/04/2022,2933.65
25/04/2022,2922.37
26/04/2022,3006.45
27/04/2022,2809.6
28/04/2022,2889.72
29/04/2022,2936.49
30/04/2022,2817.23
01/05/2022,2726.98
02/05/2022,2826.04
03/05/2022,2856.12
04/05/2022,2780.63
05/05/2022,2940.31
06/05/2022,2747.28
07/05/2022,2692.08
08/05/2022,2635.19
09/05/2022,2519.08
10/05/2022,2230.95
11/05/2022,2341.58
12/05/2022,2077.83
13/05/2022,1952.81
14/05/2022,2006.51
15/05/2022,2054.03
16/05/2022,2143.12
17/05/2022,2020.12
18/05/2022,2089.29
19/05/2022,1911.68
20/05/2022,2017.78
21/05/2022,1956.88
22/05/2022,1972.87
23/05/2022,2041.08
24/05/2022,1970.7
25/05/2022,1977.85
26/05/2022,1941.04
27/05/2022,1791
28/05/2022,1724.73
29/05/2022,1790.79
30/05/2022,1811.69
31/05/2022,1997.64
01/06/2022,1940.59
02/06/2022,1817.42
03/06/2022,1833.26
04/06/2022,1773.59
05/06/2022,1803.65
06/06/2022,1804.7
07/06/2022,1858.56
08/06/2022,1812.7
09/06/2022,1791.03
10/06/2022,1787.71
11/06/2022,1661.1
12/06/2022,1530.28
13/06/2022,1434.02
14/06/2022,1209.12
15/06/2022,1206.94
16/06/2022,1236.89
17/06/2022,1067.1
18/06/2022,1085.21
19/06/2022,994.41
20/06/2022,1127.03
21/06/2022,1126.99
22/06/2022,1124.71
23/06/2022,1048.3
24/06/2022,1143.46
25/06/2022,1224.12
26/06/2022,1241
27/06/2022,1198.25
28/06/2022,1190.73
29/06/2022,1142.41
30/06/2022,1098.71
01/07/2022,1069.53
02/07/2022,1058.01
03/07/2022,1065.69
04/07/2022,1072.95
05/07/2022,1149.81
06/07/2022,1131.96
07/07/2022,1185.41
08/07/2022,1236.64
09/07/2022,1214
10/07/2022,1216.53
11/07/2022,1167.31
12/07/2022,1095.67
13/07/2022,1037.37
14/07/2022,1114.57
15/07/2022,1192.56
16/07/2022,1231.23
17/07/2022,1356.31
18/07/2022,1337.97
19/07/2022,1583.55
20/07/2022,1543.12
21/07/2022,1521.72
22/07/2022,1575.68
23/07/2022,1535.71
24/07/2022,1549.19
25/07/2022,1597.72
26/07/2022,1438.01
27/07/2022,1449.61
28/07/2022,1636.88
29/07/2022,1725.82
30/07/2022,1722.28
31/07/2022,1697.52
01/08/2022,1679.55
02/08/2022,1630.62
03/08/2022,1631.11
04/08/2022,1618.68
05/08/2022,1607.96
06/08/2022,1736.78
07/08/2022,1690.67
08/08/2022,1700.54
09/08/2022,1777.99
10/08/2022,1703.41
11/08/2022,1854.05
12/08/2022,1881.06
13/08/2022,1959.26
14/08/2022,1984.29
15/08/2022,1936.02
16/08/2022,1899.64
17/08/2022,1877.16
18/08/2022,1834.04
19/08/2022,1846.36
20/08/2022,1609.05
21/08/2022,1575.73
22/08/2022,1617.86
23/08/2022,1624.65
24/08/2022,1664.76
25/08/2022,1656.52
26/08/2022,1695.85
27/08/2022,1508.09
28/08/2022,1491.26
29/08/2022,1426.4
30/08/2022,1552.4
31/08/2022,1524.62
01/09/2022,1554.16
02/09/2022,1585.98
03/09/2022,1575.91
04/09/2022,1557.54
05/09/2022,1579.06
06/09/2022,1617.5
07/09/2022,1558.9
08/09/2022,1630
09/09/2022,1635.6
10/09/2022,1719.35
11/09/2022,1774.69
12/09/2022,1767.02
13/09/2022,1716.53
14/09/2022,1574.56
15/09/2022,1639.6
16/09/2022,1472.51
17/09/2022,1433.97
18/09/2022,1469.05
19/09/2022,1334.3
20/09/2022,1376.21
21/09/2022,1323.07
22/09/2022,1246.29
23/09/2022,1326.15
24/09/2022,1326.95
25/09/2022,1317.11
26/09/2022,1294.72
27/09/2022,1336.65
28/09/2022,1328.11
29/09/2022,1337.15
30/09/2022,1335.9
01/10/2022,1328.7
02/10/2022,1311.8
03/10/2022,1276.69
04/10/2022,1323.32
05/10/2022,1361.9
06/10/2022,1352.44
07/10/2022,1352.4
08/10/2022,1331.14
09/10/2022,1315.47
10/10/2022,1323.41
11/10/2022,1290.04
12/10/2022,1279.79
13/10/2022,1294.29
14/10/2022,1287.51
15/10/2022,1296.63
16/10/2022,1274.91
17/10/2022,1305.87
18/10/2022,1331.52
19/10/2022,1310.78
20/10/2022,1284.85
21/10/2022,1282.68
22/10/2022,1299.88
23/10/2022,1313.91
24/10/2022,1364.2
25/10/2022,1343.83
26/10/2022,1460.37
27/10/2022,1566.85
28/10/2022,1514.35
29/10/2022,1555.12
30/10/2022,1620.42
31/10/2022,1590.93
01/11/2022,1572.88
02/11/2022,1578.51
03/11/2022,1518.33
04/11/2022,1530.87
05/11/2022,1645.06
06/11/2022,1627.42
07/11/2022,1568.75
08/11/2022,1568.45
09/11/2022,1334.22
10/11/2022,1104.17
11/11/2022,1296.01
12/11/2022,1285.23
13/11/2022,1254.95
14/11/2022,1219.85
15/11/2022,1241.39
16/11/2022,1252
17/11/2022,1215.24
18/11/2022,1199.45
19/11/2022,1210.98
20/11/2022,1216.52
21/11/2022,1140.47
22/11/2022,1105.99
23/11/2022,1137.75
24/11/2022,1183.69
25/11/2022,1202.96
26/11/2022,1198.4
27/11/2022,1204.94
28/11/2022,1193.2
29/11/2022,1167.3
30/11/2022,1215.7
01/12/2022,1294.92
02/12/2022,1276.36
03/12/2022,1295.61
04/12/2022,1241.13
05/12/2022,1279.89
06/12/2022,1259.37
07/12/2022,1271.38
08/12/2022,1231.35
09/12/2022,1280.28
10/12/2022,1262.95
11/12/2022,1266.34
12/12/2022,1263.27
13/12/2022,1275.37
14/12/2022,1320.43
15/12/2022,1307.5
16/12/2022,1266.59
17/12/2022,1167.85
18/12/2022,1187.11
19/12/2022,1183.19
20/12/2022,1167.68
21/12/2022,1216.96
22/12/2022,1213.84
23/12/2022,1217.51
24/12/2022,1219.97
25/12/2022,1220.49
26/12/2022,1218.3
27/12/2022,1227.3
28/12/2022,1211.07
29/12/2022,1189.27
30/12/2022,1200.06
31/12/2022,1199.12
01/01/2023,1195
02/01/2023,1200.1
03/01/2023,1213.98
04/01/2023,1214.11
05/01/2023,1256.42
06/01/2023,1250.73
07/01/2023,1268.71
08/01/2023,1263.86
09/01/2023,1288.62
10/01/2023,1320.11
11/01/2023,1335.42
12/01/2023,1388.95
13/01/2023,1416.05
14/01/2023,1451.18
15/01/2023,1550.07
16/01/2023,1552.71
17/01/2023,1577.02
18/01/2023,1565.15
19/01/2023,1512.28
20/01/2023,1551.2
21/01/2023,1659.02
22/01/2023,1626.68
23/01/2023,1627.79
24/01/2023,1626.47
25/01/2023,1556.12
26/01/2023,1610.94
27/01/2023,1601.35
28/01/2023,1597.86
29/01/2023,1572.46
30/01/2023,1645.46
31/01/2023,1566.49
01/02/2023,1585.47
02/02/2023,1641.61
03/02/2023,1642.74
04/02/2023,1663.97
05/02/2023,1666.89
06/02/2023,1629.8
07/02/2023,1614.31
08/02/2023,1671.61
09/02/2023,1650.95
10/02/2023,1545.78
11/02/2023,1513.79
12/02/2023,1538.79
13/02/2023,1512.88
14/02/2023,1506.37
15/02/2023,1556.14
16/02/2023,1675.34
17/02/2023,1638.41
18/02/2023,1694.3
19/02/2023,1691.98
20/02/2023,1681.25
21/02/2023,1703.53
22/02/2023,1659.64
23/02/2023,1643.28
24/02/2023,1650.59
25/02/2023,1607.86
26/02/2023,1594.76
27/02/2023,1641.47
28/02/2023,1633.45
01/03/2023,1604.71
02/03/2023,1665.59
03/03/2023,1647.77
04/03/2023,1569.61
05/03/2023,1566.92
06/03/2023,1564.75
07/03/2023,1565.91
08/03/2023,1561.63
09/03/2023,1532.6
10/03/2023,1437.65
11/03/2023,1431.49
12/03/2023,1483.07
13/03/2023,1591.33
14/03/2023,1681.01
15/03/2023,1705.17
16/03/2023,1656.21
17/03/2023,1677
18/03/2023,1793.32
19/03/2023,1763.2
20/03/2023,1785
21/03/2023,1738.45
22/03/2023,1807.45
23/03/2023,1738.86
24/03/2023,1817.28
25/03/2023,1751.74
26/03/2023,1743.88
27/03/2023,1775.76
28/03/2023,1716.16
29/03/2023,1773.53
30/03/2023,1793.51
31/03/2023,1794.03
01/04/2023,1822.21
02/04/2023,1821.54
03/04/2023,1795.54
04/04/2023,1811
05/04/2023,1871.62
06/04/2023,1909.49
07/04/2023,1873.09
08/04/2023,1864.8
09/04/2023,1849.9
10/04/2023,1859.71
11/04/2023,1911.12
12/04/2023,1891.58
13/04/2023,1918.78
14/04/2023,2013.84
15/04/2023,2101.61
16/04/2023,2092.42
17/04/2023,2120.19
18/04/2023,2075.87
19/04/2023,2104.28
20/04/2023,1936.48
21/04/2023,1943.17
22/04/2023,1849.16
23/04/2023,1874.46
24/04/2023,1862.42
25/04/2023,1842.51
26/04/2023,1866.48
27/04/2023,1866.8
28/04/2023,1909.41
29/04/2023,1892.75
30/04/2023,1909.22
01/05/2023,1870.13
02/05/2023,1831.54
03/05/2023,1871.77
04/05/2023,1905.9
05/05/2023,1878.56
06/05/2023,1996.34
07/05/2023,1901.99
08/05/2023,1879.53
09/05/2023,1853.92
